ID,Group,Group name,Function,Lowest typical layer,New in engine (not taught in core book),Core book location (where taught),Core codes,Typical contexts (new functions),Source
CFN-0001,G1,Social & relational,Greet and respond to greetings by status,Operational,,L1 M3 (3.1),TL-0002,,registry v1
CFN-0002,G1,Social & relational,"Introduce yourself (role, background)",Operational,,L1 M1 (1.2–1.3),"GIC-0002, GIC-0003, CF-0002",,registry v1
CFN-0003,G1,Social & relational,Introduce others,Operational,,L1 M2 (2.2),,,registry v1
CFN-0004,G1,Social & relational,Make small talk; redirect unsafe topics,Operational,,L1 M3 (3.2–3.3),CF-0003,,registry v1
CFN-0005,G1,Social & relational,Close a conversation politely,Operational,,L1 M3 (3.4); L1 2.5,TL-0001,,registry v1
CFN-0006,G1,Social & relational,Thank specifically,Operational,,L2 M5 (5.3),,,registry v1
CFN-0007,G1,Social & relational,Apologise for your own mistake,Operational,,L2 M5 (5.1–5.2),,,registry v1
CFN-0008,G1,Social & relational,Apologise on behalf of the team or organisation,Supervisory,,L2 M5 (5.4),,,registry v1
CFN-0009,G1,Social & relational,Congratulate and recognise,Supervisory,Y,—,,,registry v1
CFN-0010,G2,Information,Give information clearly,Operational,,L2 M7 (7.2),,,registry v1
CFN-0011,G2,Information,Ask for information,Operational,,L1 M5,,,registry v1
CFN-0012,G2,Information,Explain a process or concept to a non-expert,Operational,,L2 7.2,,,registry v1
CFN-0013,G2,Information,Ask for clarification / repetition,Operational,,L1 M5; L2 3.3,CF-0001,,registry v1
CFN-0014,G2,Information,Confirm and read back (critical details),Operational,Y,L1 M4 (4.2),CF-0001,,registry v1
CFN-0015,G2,Information,Check understanding (yours or theirs),Operational,,L1 4.2,,,registry v1
CFN-0016,G2,Information,Summarise,Supervisory,,L3 M3 (3.4),,,registry v1
CFN-0017,G2,Information,"Say ""I don't know — I'll find out""",Operational,,L2 M7 (7.3),,,registry v1
CFN-0018,G2,Information,Relay a message between people,Operational,,L2 M2 (2.4); L2 3.2,GIC-0006,,registry v1
CFN-0019,G3,Action,Make a polite request,Operational,,L1 M7 (7.2); L2 M2,"GIC-0005, TL-0003",,registry v1
CFN-0020,G3,Action,Decline / say no professionally,Operational,,L2 M2 (2.2); L4 M2 (2.1),TL-0010,,registry v1
CFN-0021,G3,Action,Negotiate timing and scope of a task,Operational,,L2 M2 (2.3),,,registry v1
CFN-0022,G3,Action,Follow up and remind,Operational,,L2 M6,CF-0007,,registry v1
CFN-0023,G3,Action,Make a suggestion or recommendation,Operational,,L3 M3 (3.3); L3 M2 (2.5),,,registry v1
CFN-0024,G3,Action,Escalate an issue,Operational,,L3 M1 (1.5); L3 M5 (5.4); L4 M6,CF-0023,,registry v1
CFN-0025,G3,Action,Give instructions,Supervisory,,L1 M4 (receiving); L5 M1 (giving),"GIC-0001, GIC-0004",,registry v1
CFN-0026,G3,Action,Offer help or an alternative,Operational,,L2 M7 (7.4),,,registry v1
CFN-0027,G4,Reporting,Give a status update (done / doing / blocked),Operational,,L2 M1 (1.1),PAT-0025,,registry v1
CFN-0028,G4,Reporting,Report a problem or delay,Operational,,L2 M1 (1.2),,,registry v1
CFN-0029,G4,Reporting,Report an incident (facts → evidence → analysis → action),Operational,,"L3 M2 (2.1, 2.3)",GIC-0010,,registry v1
CFN-0030,G4,Reporting,Report performance / metrics,Supervisory,,L3 M2 (2.4); L3 M4 (4.2–4.3),GIC-0017,,registry v1
CFN-0031,G4,Reporting,Explain variance against target or budget,Managerial,Y,—,,,registry v1
CFN-0032,G4,Reporting,Match update detail to the audience,Operational,,L2 M1 (1.3),,,registry v1
CFN-0033,G4,Reporting,Hand over a shift or task,Operational,Y,L5 capstone (handover),,,registry v1
CFN-0034,G5,Service,Welcome a customer / guest / patient / client,Operational,,L2 M7 (7.1); L3 M6 (6.1),TL-0007,,registry v1
CFN-0035,G5,Service,Identify needs through questions,Operational,,L3 M6 (6.2),,,registry v1
CFN-0036,G5,Service,Explain a policy and its limits,Operational,Y,—,,,registry v1
CFN-0037,G5,Service,Handle a routine complaint,Operational,,L2 M7 (7.4),,,registry v1
CFN-0038,G5,Service,Listen with empathy and de-escalate,Operational,,L3 M5 (5.1–5.2),,,registry v1
CFN-0039,G5,Service,Present a solution and manage expectations,Operational,,L3 M5 (5.3); L4 M8 (8.4),,,registry v1
CFN-0040,G5,Service,Recover service,Supervisory,,L3 M5 (5.5),CF-0013,,registry v1
CFN-0041,G5,Service,Close a customer interaction,Operational,,L2 M7 (7.5); L2 3.5,"CF-0008, CF-0005",,registry v1
CFN-0042,G5,Service,Upsell / recommend a product or service,Operational,Y,—,,,registry v1
CFN-0043,G6,"Problem, escalation & crisis","Explain a problem (what, impact, cause, next step)",Operational,,L4 M4 (4.1),,,registry v1
CFN-0044,G6,"Problem, escalation & crisis",Explore options and trade-offs,Supervisory,,L4 M4 (4.2),,,registry v1
CFN-0045,G6,"Problem, escalation & crisis",Deliver bad news,Supervisory,,L4 M6 (6.2),,,registry v1
CFN-0046,G6,"Problem, escalation & crisis",Give a crisis update,Supervisory,,L4 M6 (6.4–6.5),CF-0023,,registry v1
CFN-0047,G6,"Problem, escalation & crisis",Communicate calmly under pressure,Operational,,L4 M6 (6.1),,,registry v1
CFN-0048,G6,"Problem, escalation & crisis",Admit and report a serious mistake,Operational,,L4 M2 (2.4),,,registry v1
CFN-0049,G6,"Problem, escalation & crisis",Manage unrealistic expectations or deadlines,Supervisory,,L4 M6 (6.3),,,registry v1
CFN-0050,G7,Meetings,Invite and set an agenda,Supervisory,,L3 M3 (3.1),,,registry v1
CFN-0051,G7,Meetings,Open a meeting and set objectives,Supervisory,,L3 M3 (3.2),,,registry v1
CFN-0052,G7,Meetings,Give and ask for opinions; agree / disagree diplomatically,Operational,,L3 M3 (3.3),,,registry v1
CFN-0053,G7,Meetings,Interrupt politely; clarify; summarise,Operational,,L3 M3 (3.4),,,registry v1
CFN-0054,G7,Meetings,Assign action points and close,Supervisory,,L3 M3 (3.5),CF-0011,,registry v1
CFN-0055,G7,Meetings,Chair a meeting as its owner; keep it on time,Managerial,,"L5 M5 (5.1, 5.4)",,,registry v1
CFN-0056,G7,Meetings,Write minutes and follow up,Supervisory,,L3 M3 (3.6),,,registry v1
CFN-0057,G8,"Persuasion, presentation & negotiation",Present data and key points,Supervisory,,L3 M4,CF-0012,,registry v1
CFN-0058,G8,"Persuasion, presentation & negotiation",Handle questions after a presentation,Supervisory,,L3 M4 (4.5); L4 M5 (5.2),,,registry v1
CFN-0059,G8,"Persuasion, presentation & negotiation",Build a persuasive argument with evidence,Managerial,,L4 M3,CF-0020,,registry v1
CFN-0060,G8,"Persuasion, presentation & negotiation",Influence without authority,Supervisory,,L4 M3 (3.4),,,registry v1
CFN-0061,G8,"Persuasion, presentation & negotiation",Handle objections,Operational,,L3 M6 (6.4),TL-0008,,registry v1
CFN-0062,G8,"Persuasion, presentation & negotiation","Negotiate terms (prepare, anchor, trade, close)",Managerial,,L4 M1,"TL-0009, CF-0018",,registry v1
CFN-0063,G8,"Persuasion, presentation & negotiation",Present to a senior or executive audience,Managerial,,L4 M5 (5.1); L5 M6,"TL-0012, CF-0022, CF-0026",,registry v1
CFN-0064,G8,"Persuasion, presentation & negotiation",Pitch a business idea (problem → solution → value → ask),Enterprise / founder,Y,—,,,registry v1
CFN-0065,G9,People leadership,Brief a team (pre-shift / daily briefing),Supervisory,Y,— (L3 M3 partly),,,registry v1
CFN-0066,G9,People leadership,Delegate a task and ownership,Supervisory,,L5 M1,,,registry v1
CFN-0067,G9,People leadership,Give everyday feedback,Supervisory,,L5 M2 (2.1); L4 M2 (2.2),,,registry v1
CFN-0068,G9,People leadership,Receive criticism gracefully,Operational,,L4 M2 (2.3),,,registry v1
CFN-0069,G9,People leadership,Run a formal performance conversation; set goals,Managerial,,"L5 M2 (2.2–2.3, 2.5)",,,registry v1
CFN-0070,G9,People leadership,Address underperformance,Managerial,,L5 M2 (2.4),CF-0004,,registry v1
CFN-0071,G9,People leadership,Coach through questions,Managerial,,L5 M3,,,registry v1
CFN-0072,G9,People leadership,Resolve conflict,Supervisory,,L4 M2 (2.5–2.6),"CF-0019, TL-0011",,registry v1
CFN-0073,G9,People leadership,Motivate and recognise a team,Supervisory,Y,—,,,registry v1
CFN-0074,G10,Decision & direction,Communicate a decision and its reasoning,Managerial,,L4 M4 (4.3); L5 M5 (5.3),CF-0021,,registry v1
CFN-0075,G10,Decision & direction,Announce a change; address resistance,Managerial,,L5 M4 (4.2–4.3),,,registry v1
CFN-0076,G10,Decision & direction,"Explain the ""why"" behind a strategy",Executive (GM/Director),,L5 M4 (4.1); L5 M6 (6.2),,,registry v1
CFN-0077,G10,Decision & direction,Allocate resources and set priorities,Managerial,Y,— (L1 M4 receiving priorities),,,registry v1
CFN-0078,G11,Stakeholder & external,Report to ownership / board (business review),Executive (GM/Director),Y,—,,,registry v1
CFN-0079,G11,Stakeholder & external,Manage a client or vendor relationship over time,Managerial,,L4 M8,"CF-0025, TL-0014",,registry v1
CFN-0080,G11,Stakeholder & external,"Represent the organisation publicly (address, statement)",Executive (GM/Director),Y,—,,,registry v1
CFN-0081,G11,Stakeholder & external,Communicate with investors and partners,Enterprise / founder,Y,—,,,registry v1
CFN-0082,G12,Teaching & training,Give classroom or training instructions,Operational,Y,—,,,registry v1
CFN-0083,G12,Teaching & training,Explain a concept to learners and check understanding,Operational,Y,—,,,registry v1
CFN-0084,G12,Teaching & training,Correct errors and give learner feedback; report progress to parents,Operational,Y,—,,,registry v1
CFN-0085,G13,Frontline transactions,State a price and answer price questions,Operational,Y,,,frontline; retail; markets,registry v2 (universal vision)
CFN-0086,G13,Frontline transactions,"Ask and answer about quantity, weight, size and measures",Operational,Y,,,markets; shops; wholesale,registry v2 (universal vision)
CFN-0087,G13,Frontline transactions,Bargain over a price politely (informal negotiation),Operational,Y,,,markets; small shops; vendors,registry v2 (universal vision)
CFN-0088,G13,Frontline transactions,Take and repeat back an order,Operational,Y,,,food service; shops; phone/WhatsApp orders,registry v2 (universal vision)
CFN-0089,G13,Frontline transactions,"Take payment and give change or a receipt (cash, UPI, card)",Operational,Y,,,all frontline,registry v2 (universal vision)
CFN-0090,G13,Frontline transactions,"Handle a payment problem (failed payment, wrong change)",Operational,Y,,,all frontline,registry v2 (universal vision)
CFN-0091,G13,Frontline transactions,Describe and compare products simply,Operational,Y,,,retail; sales,registry v2 (universal vision)
CFN-0092,G13,Frontline transactions,"Offer a promotion, discount or free item",Operational,Y,,,retail; vendors,registry v2 (universal vision)
CFN-0093,G13,Frontline transactions,Thank and invite a customer back,Operational,Y,,,all frontline,registry v2 (universal vision)
CFN-0094,G14,"Field, delivery & public interaction",Give and ask for directions,Operational,Y,,,delivery; drivers; reception; field,registry v2 (universal vision)
CFN-0095,G14,"Field, delivery & public interaction","Confirm an address, landmark or location",Operational,Y,,,delivery; field; drivers,registry v2 (universal vision)
CFN-0096,G14,"Field, delivery & public interaction",Announce arrival and explain the purpose of a visit,Operational,Y,,,field; public service; technicians,registry v2 (universal vision)
CFN-0097,G14,"Field, delivery & public interaction","Ask permission (to enter, start, record or photograph)",Operational,Y,,,field; technicians; domestic work,registry v2 (universal vision)
CFN-0098,G14,"Field, delivery & public interaction",Verify identity or documents politely,Operational,Y,,,public service; banking; delivery (OTP),registry v2 (universal vision)
CFN-0099,G14,"Field, delivery & public interaction",Ask survey questions neutrally and record answers,Operational,Y,,,surveys; census; research,registry v2 (universal vision)
CFN-0100,G14,"Field, delivery & public interaction",Explain and obtain consent,Operational,Y,,,surveys; healthcare; public service,registry v2 (universal vision)
CFN-0101,G14,"Field, delivery & public interaction",Explain a public procedure or eligibility in plain language,Operational,Y,,,public service; election administration,registry v2 (universal vision)
CFN-0102,G14,"Field, delivery & public interaction",Handle refusal or non-cooperation calmly,Operational,Y,,,field; public service; collections,registry v2 (universal vision)
CFN-0103,G14,"Field, delivery & public interaction",Assist elderly people or people with disabilities,Operational,Y,,,public service; transport; healthcare,registry v2 (universal vision)
CFN-0104,G14,"Field, delivery & public interaction",Make an announcement to a queue or group,Supervisory,Y,,,public service; aviation; events,registry v2 (universal vision)
CFN-0105,G15,"Technical, safety & trades",Understand a customer's description of a problem,Operational,Y,,,technicians; mechanics; support,registry v2 (universal vision)
CFN-0106,G15,"Technical, safety & trades",Explain a fault and the repair needed,Operational,Y,,,technicians; mechanics,registry v2 (universal vision)
CFN-0107,G15,"Technical, safety & trades",Give a cost and time estimate,Operational,Y,,,trades; service; workshops,registry v2 (universal vision)
CFN-0108,G15,"Technical, safety & trades",Give a safety instruction or warning,Operational,Y,,,trades; construction; factories,registry v2 (universal vision)
CFN-0109,G15,"Technical, safety & trades","Report a hazard, accident or near miss",Operational,Y,,,all operational,registry v2 (universal vision)
CFN-0110,G15,"Technical, safety & trades",Explain how to use or care for something after a job,Operational,Y,,,trades; after-sales; healthcare (as labelled),registry v2 (universal vision)
CFN-0111,G16,Time & scheduling basics,Tell and ask the time and date; talk about schedules,Operational,Y,,,all frontline,registry v2 (universal vision)
CFN-0112,G16,Time & scheduling basics,"Make, change or cancel an appointment",Operational,Y,,,services; healthcare; beauty,registry v2 (universal vision)
CFN-0113,G16,Time & scheduling basics,Ask a supervisor or employer for leave or permission,Operational,Y,,,all employees,registry v2 (universal vision)
