no,level,module,lesson,id,category,original,replacement,reason,source
1,1,M01 Starting Work,"1.1 Understanding What ""Professional"" Means at Work",CE-L01-M01-L01,Story continuity,Chowdhury:,Sadia:,Speaker label used her surname while she introduces herself as Sadia and the exercises call her Sadia.,
2,1,M01 Starting Work,"1.1 Understanding What ""Professional"" Means at Work",CE-L01-M01-L01,Grammar / usage explanation,Mixing the two up is MIS-0002 .,Using one form when you mean the other is MIS-0002 .,"Aligns with the corrected MIS-0002 explanation (the issue is unclear meaning, not a forbidden sentence).",
3,1,M01 Starting Work,"1.1 Understanding What ""Professional"" Means at Work",CE-L01-M01-L01,Production language / unfinished material,-- no dedicated Grammar-in-Context card for this lesson; the pattern is light enough to model directly inside the dialogue and practice.,. You will see it throughout the dialogue and the practice.,Internal production note about curriculum cards.,
4,1,M01 Starting Work,"1.1 Understanding What ""Professional"" Means at Work",CE-L01-M01-L01,Grammar / usage explanation,"❌ I want to become professional. ✅ I want to become more professional. / I want to become a professional in this field. ""Professional"" works as an adjective (more professional, be professional) or as a noun with an article (a professional). Dropping the article or the comparative leaves the sentence ambiguous about which sense is meant.","⚠️ Unclear: I want to become professional. ✅ About behaviour: I want to become more professional. / I want to be more professional at work. ✅ About a person with skills or training: I want to become a professional in this field. ""I want to become professional"" is not ungrammatical, but at work it is unclear. Professional is an adjective when it describes behaviour ( be professional , more profess…",The original marked the sentence as simply wrong. It is grammatical; the real problem is ambiguity between the adjective and noun meanings.,"QA review of the reference PDF p.14; Cambridge Dictionary, 'professional' (adjective, noun)"
5,1,M01 Starting Work,"1.1 Understanding What ""Professional"" Means at Work",CE-L01-M01-L01,Pronunciation / word stress,"Word stress: proFESsional, PUNCtual, resPECTful (stress falls on the second syllable in all three).",Word stress: proFESsional and resPECTful are stressed on the second syllable; PUNCtual is stressed on the first.,"'Punctual' is stressed on the first syllable (/ˈpʌŋk.tʃu.əl/), so the claim that all three have second-syllable stress was wrong.",QA review of the reference PDF p.14; Cambridge Dictionary pronunciation
6,1,M01 Starting Work,"1.1 Understanding What ""Professional"" Means at Work",CE-L01-M01-L01,Audio availability labelling,Listen to the dialogue. What three things does Sadia say,Read the dialogue again (or listen to a partner or teacher read it aloud). What three things does Sadia say,No audio recording exists yet; the instruction now works without one.,
7,1,M01 Starting Work,"1.1 Understanding What ""Professional"" Means at Work",CE-L01-M01-L01,Exercise and answer key alignment,"The lesson's three core actions are punctuality, listening, and respect.","respectful — ""Being professional means being on time, listening carefully, and being respectful."" The blank needs an adjective after ""being"", parallel to the lesson's three actions (punctuality, listening, respect).",The answer key gave the noun 'respect' (and a summary) rather than the required word 'respectful'.,QA review of the reference PDF pp.16–17
8,1,M01 Starting Work,"1.1 Understanding What ""Professional"" Means at Work",CE-L01-M01-L01,Production language / unfinished material,4. Open-ended -- check against the lesson's model language.,"4. Answers will vary. Sample answer: ""For me, being professional means being on time and ready to work, listening carefully when someone explains something, and speaking to everyone with respect. It also means keeping my promises, even small ones."" A good answer names concrete actions, not just ""being good at the job"".",Unfinished model answer replaced with a sample answer and success criteria.,
9,1,M01 Starting Work,1.2 Talking About Your Background and Experience,CE-L01-M01-L02,Reference codes and links,"GIC-0002 -- past simple vs. present perfect for describing background. See for the full card: what finished (""I studied..."") versus still-relevant-now (""I've been interested in..."") looks like, with Bengali/Hindi support notes.","GIC-0002 Past simple vs. present perfect for describing your background Past simple for a finished event at a finished time, especially when you say or imply when : ""I studied hospitality management."" ""I worked at a small hotel for a year (and then left)."" Present perfect connects the past to now. Use it for a situation that started in the past and continues now, usually with for or since : ""I' v…",The 'See for the full card' reference pointed to a card that is not in the book; the card's content is now given in place.,Cambridge Grammar of English §§ present perfect / past simple
10,1,M01 Starting Work,1.2 Talking About Your Background and Experience,CE-L01-M01-L02,Reference codes and links,"""I've + past participle + for/since..."" -- see.","""I've + past participle + for/since..."" — for example, ""I've worked in retail for two years.""",Broken cross-reference ('-- see.') replaced with an example of the pattern.,
11,1,M01 Starting Work,1.2 Talking About Your Background and Experience,CE-L01-M01-L02,Pronunciation / word stress,"Word stress: backGROUND, exPERience,","Word stress: BACKground, exPERience,",'Background' is stressed on the first syllable (/ˈbæk.ɡraʊnd/).,QA review of the reference PDF p.20; Cambridge Dictionary
12,1,M01 Starting Work,1.2 Talking About Your Background and Experience,CE-L01-M01-L02,Natural professional English,True or false: present perfect is only used for actions that happened yesterday.,True or false: present perfect can describe something that started in the past and is still true now.,The original item tested a claim no learner would make; the new item checks the lesson's actual point.,
13,1,M01 Starting Work,1.2 Talking About Your Background and Experience,CE-L01-M01-L02,Audio availability labelling,"Listen to the dialogue. What did Arif study,","Read the dialogue again. What did Arif study,",No audio recording exists yet.,
14,1,M01 Starting Work,1.2 Talking About Your Background and Experience,CE-L01-M01-L02,Exercise and answer key alignment,Since pairs with a starting point in time (since college); for would need a duration instead (for four years).,"since — ""I've been interested in this field since college."" Since pairs with a starting point (since college); for would need a duration instead (for four years).",The answer key explained the rule but never gave the answer.,
15,1,M01 Starting Work,1.2 Talking About Your Background and Experience,CE-L01-M01-L02,Exercise and answer key alignment,"Since needs a starting point, not a duration; and a continuing action needs present perfect (continuous), not simple present.","""I have been working in customer service for three years."" (Also correct: ""I have worked in customer service for three years."") A duration needs for , not since , and a situation that continues up to now needs the present perfect (continuous), not the present simple.",The answer key explained the rule but never gave the corrected sentence.,
16,1,M01 Starting Work,1.2 Talking About Your Background and Experience,CE-L01-M01-L02,Production language / unfinished material,5. Open-ended -- check against the lesson's model language.,"5. Answers will vary. Sample answer: ""I studied business administration, and after that I worked in a supermarket for two years. I've been interested in customer service since then. I've handled a lot of busy weekend shifts, so I'm used to working under pressure."" Check: past simple for finished facts, at least one present perfect sentence with for or since , 3–4 sentences.",Unfinished model answer replaced with a sample answer and checklist.,
17,1,M01 Starting Work,1.3 Introducing Yourself Professionally,CE-L01-M01-L03,Reference codes and links,"No new grammar structure this lesson -- L03 recombines L01's professional-register language and L02's background phrasing (past simple / present perfect) into a fixed introduction sequence, rather than teaching something new.",There is no new grammar in this lesson. It combines the professional language of Lesson 1.1 and the background phrasing of Lesson 1.2 (past simple / present perfect) into one introduction sequence.,"Internal lesson codes (L01, L02, L03) replaced with the book's lesson numbers.",
18,1,M01 Starting Work,1.3 Introducing Yourself Professionally,CE-L01-M01-L03,Natural professional English,The person you take instructions from and give updates to,To have someone as your direct boss: you take instructions from them and give them updates,"The definition described a person, but the entry is a verb phrase.",
19,1,M01 Starting Work,1.3 Introducing Yourself Professionally,CE-L01-M01-L03,Pronunciation / word stress,"Word stress: TEAM, dePARTment, rePORT (verb, second syllable stressed).","Word stress: dePARTment, rePORT (second syllable, for both the verb and the noun).","'Team' has one syllable, so it has no stress pattern to learn; 'report' is stressed on the second syllable as a noun too, not only as a verb.",Cambridge Dictionary
20,1,M01 Starting Work,1.3 Introducing Yourself Professionally,CE-L01-M01-L03,Bengali / Hindi support,"There isn't a separate Bengali grammar point in this lesson -- it's about switching register , not tense or structure. The formula stays the same in both languages; what shifts is politeness markers (e.g. addressing someone respectfully) rather than sentence structure.","In Bengali, respect is shown partly through the pronoun: আপনি for a senior person, তুমি for a peer. English has only one ""you"", so the register shift has to come from other places: the greeting (""Good morning"" rather than ""Hi""), full forms (""my name is"" rather than ""I'm""), and a slightly slower pace. The content of the introduction stays the same.","Replaced a note saying there was nothing to note with a specific, accurate contrast that explains where English carries formality.",
21,1,M01 Starting Work,1.3 Introducing Yourself Professionally,CE-L01-M01-L03,Bengali / Hindi support,"Same principle in Hindi -- the content of an introduction doesn't change between a peer and a senior person, but respectful address and a slightly more measured pace signal the formality shift, just as in English.","Hindi marks respect with आप (formal) versus तुम (informal). English ""you"" is the same for everyone, so a learner cannot rely on the pronoun: the greeting, full forms and pace carry the formality instead. Do not add ""sir"" or ""ma'am"" to every sentence to make up for it; one respectful greeting is enough.",Made the Hindi note specific and accurate (आप/तुम versus the single English 'you').,
22,1,M01 Starting Work,1.3 Introducing Yourself Professionally,CE-L01-M01-L03,Audio availability labelling,Listen to both scenes. What team does Arif say he will be part of?,Read both scenes again. What team does Arif say he will be part of?,No audio recording exists yet.,
23,1,M01 Starting Work,1.3 Introducing Yourself Professionally,CE-L01-M01-L03,Exercise and answer key alignment,"A clear 3-part structure -- name, background/role, closing line -- is more professional and memorable than a long, unfocused one (MIS-0004).","Model answer: ""Hi, I'm Arif. I studied hospitality management and worked at a small hotel for about a year. I'm looking forward to being part of the team."" Keep one sentence for each part (name, background/role, closing line) and remove hesitations and side stories (MIS-0004).",The answer key restated the principle but gave no rewritten introduction.,
24,1,M01 Starting Work,1.3 Introducing Yourself Professionally,CE-L01-M01-L03,Production language / unfinished material,5. Open-ended -- check against the lesson's model language.,"5. Answers will vary. Peer version: ""Hi, I'm Nadia. I studied accounting, and I'll be part of the finance team. Really looking forward to working with you all."" Manager version: ""Good morning, my name is Nadia. I studied accounting and worked at an audit firm for two years. I'm looking forward to contributing to the department."" Check: all three parts in each version, a clear change of register, …",Unfinished model answer replaced with sample answers and a checklist.,
25,1,M01 Starting Work,1.4 Talking About Your Job Role and Responsibilities,CE-L01-M01-L04,Reference codes and links,"this isn't your background story (that's past simple/present perfect, from L02)","this isn't your background story (that's past simple / present perfect, from Lesson 1.2)",Internal lesson code replaced with the lesson number.,
26,1,M01 Starting Work,1.4 Talking About Your Job Role and Responsibilities,CE-L01-M01-L04,Natural professional English,The part of the job that's yours to handle,Having the duty to do or look after something as part of your job,"The definition described a noun ('responsibility'), but the entry is the adjective phrase 'responsible for'.",
27,1,M01 Starting Work,1.4 Talking About Your Job Role and Responsibilities,CE-L01-M01-L04,Reference codes and links,both introduced in L03.),both introduced in Lesson 1.3.),Internal lesson code replaced with the lesson number.,
28,1,M01 Starting Work,1.4 Talking About Your Job Role and Responsibilities,CE-L01-M01-L04,Reference codes and links,GIC-0003 -- present simple for ongoing role facts vs. L02's past simple/present perfect for background. See for the full card.,"GIC-0003 Present simple for your role now Use the present simple for facts about your job that are true now and generally: ""I report to the front-office supervisor."" ""I work closely with housekeeping."" Use the past simple / present perfect (Lesson 1.2) for your history : ""I worked at a small hotel."" ""I' ve handled complaints before."" Use the present continuous only for something temporary or happ…",The 'See for the full card' reference pointed to a card that is not in the book; the card's content is now given in place.,"Cambridge Grammar of English, present simple / present progressive"
29,1,M01 Starting Work,1.4 Talking About Your Job Role and Responsibilities,CE-L01-M01-L04,Reference codes and links,"""I'm responsible for + gerund"" -- see.","""I'm responsible for + gerund/noun"" — for example, ""I'm responsible for managing check-ins.""",Broken cross-reference ('-- see.') replaced with an example of the pattern.,
30,1,M01 Starting Work,1.4 Talking About Your Job Role and Responsibilities,CE-L01-M01-L04,Pronunciation / word stress,"Word stress: colLEAGUE, superVISor, MANager, TEAM lead.","Word stress: COLleague, SUpervisor, MANager, TEAM lead.",'Colleague' (/ˈkɒl.iːɡ/) and 'supervisor' (/ˈsuː.pə.vaɪ.zər/) are stressed on the first syllable.,Cambridge Dictionary
31,1,M01 Starting Work,1.4 Talking About Your Job Role and Responsibilities,CE-L01-M01-L04,Pronunciation / word stress,"""Responsible for"" often contracts slightly in speech to sound like ""responsible-fer"" before a gerund -- natural, not sloppy.","In ""responsible for"", the word ""for"" is usually unstressed and weak (/fə/), so it sounds like ""responsible-fer"". This is natural, not careless.",'Contracts' was the wrong term; this is the weak form of 'for'.,
32,1,M01 Starting Work,1.4 Talking About Your Job Role and Responsibilities,CE-L01-M01-L04,Reference codes and links,by habit from describing their history a moment earlier (as in L02),by habit from describing their history a moment earlier (as in Lesson 1.2),Internal lesson code replaced.,
33,1,M01 Starting Work,1.4 Talking About Your Job Role and Responsibilities,CE-L01-M01-L04,Audio availability labelling,Listen to the dialogue. Who does Arif say he works closely with?,Read the dialogue again. Who does Arif say he works closely with?,No audio recording exists yet.,
34,1,M01 Starting Work,1.4 Talking About Your Job Role and Responsibilities,CE-L01-M01-L04,Exercise and answer key alignment,"Ongoing role facts use present simple, not past tense.","report — ""I report to the front-office supervisor."" Ongoing role facts use the present simple.",The answer key explained the rule but never gave the answer.,
35,1,M01 Starting Work,1.4 Talking About Your Job Role and Responsibilities,CE-L01-M01-L04,Exercise and answer key alignment,"Responsible for takes a gerund (training), not a to-infinitive (to train).","""I am responsible for training new staff."" Responsible for takes a gerund (training), not a to-infinitive (to train).",The answer key explained the rule but never gave the corrected sentence.,
36,1,M01 Starting Work,1.4 Talking About Your Job Role and Responsibilities,CE-L01-M01-L04,Production language / unfinished material,5. Open-ended -- check against the lesson's model language.,"5. Answers will vary. Sample answer: ""I'm a teller at a bank branch. I'm responsible for processing customer deposits and withdrawals. I report to the branch manager, and I work closely with the customer-service desk."" Check: a ""responsible for + -ing/noun"" sentence, who you report to, who you work with, all in the present simple.",Unfinished model answer replaced with a sample answer and checklist.,
37,1,M01 Starting Work,1.5 Building Basic Workplace Confidence,CE-L01-M01-L05,Reference codes and links,the same HR colleague who called Arif before any of this began (L01),the same HR colleague who called Arif before any of this began (Lesson 1.1),Internal lesson code replaced.,
38,1,M01 Starting Work,1.5 Building Basic Workplace Confidence,CE-L01-M01-L05,Reference codes and links,"giving your role and responsibilities (L04) their own step instead of folding them into Background alongside your history (L02), into one flowing 30-45 second turn.",giving your role and responsibilities (Lesson 1.4) their own step instead of folding them into Background alongside your history (Lesson 1.2). The result is one flowing turn of 30–45 seconds.,Internal lesson codes replaced; the run-on sentence split.,
39,1,M01 Starting Work,1.5 Building Basic Workplace Confidence,CE-L01-M01-L05,Production language / unfinished material,"This is a MODEL MONOLOGUE (single speaker, Arif), not a two-person dialogue, per Chapter 2's own design for this synthesis lesson.","This is a model monologue: one speaker, Arif, talking to the group.",Production language ('per Chapter 2's own design').,
40,1,M01 Starting Work,1.5 Building Basic Workplace Confidence,CE-L01-M01-L05,Natural professional English,"It's only been my first day of orientation, but everyone's already been really welcoming.","Today was only my first day of orientation, but everyone's already been really welcoming.",'It's only been my first day' is unnatural; 'today was only my first day' is what a speaker would say.,
41,1,M01 Starting Work,1.5 Building Basic Workplace Confidence,CE-L01-M01-L05,Natural professional English,And I'm really looking forward to being part of the team.,And I'm really glad to be part of the team.,Two consecutive sentences used 'looking forward to'; the second now varies the closing line.,
42,1,M01 Starting Work,1.5 Building Basic Workplace Confidence,CE-L01-M01-L05,Reference codes and links,This lesson recycles every key expression from L01-L04 rather than introducing new ones. The model monologue below shows them combined into one continuous turn -- see the individual lesson pages for each expression's original context.,This lesson reuses the key expressions from Lessons 1.1–1.4 rather than introducing new ones. The model monologue above shows them combined into one continuous turn.,Internal lesson codes replaced; 'below' corrected to 'above' (the monologue appears earlier on the page).,
43,1,M01 Starting Work,1.5 Building Basic Workplace Confidence,CE-L01-M01-L05,Production language / unfinished material,"No new vocabulary this lesson. This is a deliberate synthesis lesson (Chapter 2 Part C) that consolidates V-0007 .. V-0021 (background, role, and reporting-line vocabulary from L02-L04) into one turn, instead of introducing anything new. L01's professionalism vocabulary ( V-0001 .. V-0006 ) underlies the whole module but isn't specific language recycled in this particular monologue.","There is no new vocabulary in this lesson. It brings together the background, role and reporting-line vocabulary from Lessons 1.2–1.4 ( V-0007 to V-0021 ) in one turn.",Production language ('Chapter 2 Part C') and internal codes removed.,
44,1,M01 Starting Work,1.5 Building Basic Workplace Confidence,CE-L01-M01-L05,Reference codes and links,"""The Self-Introduction Formula""","""The 3-Part Self-Introduction""",The formula had two different names; it now uses the name given where it is introduced (Lesson 1.3).,
45,1,M01 Starting Work,1.5 Building Basic Workplace Confidence,CE-L01-M01-L05,Production language / unfinished material,"Bengali support None needed beyond what L01-L04 already cover -- this is a pure synthesis/production lesson (Chapter 2 Part C). Hindi support None needed beyond what L01-L04 already cover, for the same reason.",(removed),"Empty support sections that only said no support was needed, with production references; removed.",
46,1,M01 Starting Work,1.5 Building Basic Workplace Confidence,CE-L01-M01-L05,Reference codes and links,"comes from which role and background facts the learner substitutes in, using their own real or target job (see L01-L04's industry overlays for hotel/healthcare/banking/IT/retail phrasing).","comes from the role and background facts you put in from your own real or target job (see the industry overlays in Lessons 1.1–1.4 for hotel, healthcare, banking, IT and retail phrasing).",Internal lesson codes replaced; addressed to the reader.,
47,1,M01 Starting Work,1.5 Building Basic Workplace Confidence,CE-L01-M01-L05,Audio availability labelling,"Read (or listen to) Arif's combined self-introduction below. Notice how Open → Background → Role → Close flows as one continuous turn, and where the natural pauses fall. (See the dialogue above for the full line-by-line script with audio references.)","Read Arif's combined self-introduction (the Listen & Read script above) aloud. Notice how Open → Background → Role → Close flows as one continuous turn, and where the natural pauses fall.","The note said 'below' for text above, and referred to audio references that do not exist.",
48,1,M01 Starting Work,1.5 Building Basic Workplace Confidence,CE-L01-M01-L05,Production language / unfinished material,This is Module 1's capstone speaking assessment (Chapter 2 Part B).,This is Module 1's final speaking task.,Production reference ('Chapter 2 Part B') removed.,
49,1,M01 Starting Work,1.5 Building Basic Workplace Confidence,CE-L01-M01-L05,Audio availability labelling,Listen to the model monologue. Which part comes first -- Background or Role?,Read the model monologue again. Which part comes first: Background or Role?,No audio recording exists yet.,
50,1,M01 Starting Work,1.5 Building Basic Workplace Confidence,CE-L01-M01-L05,Assessment instructions and scoring,This is Module 1's capstone speaking assessment.,This is Module 1's final speaking task.,Consistent naming with the self-check (the level capstones are separate).,
51,1,M01 Starting Work,1.5 Building Basic Workplace Confidence,CE-L01-M01-L05,Production language / unfinished material,3. Open-ended -- check against the lesson's model language.,"3. Answers will vary. Sample: ""Hi everyone, I'm Rina. I studied nursing and I've worked at a community clinic for two years. I'll be part of the patient-services team. I'm responsible for scheduling appointments. I report to the ward manager. I'm looking forward to working with you all.""",Unfinished model answer replaced with a sample.,
52,1,M01 Starting Work,1.5 Building Basic Workplace Confidence,CE-L01-M01-L05,Production language / unfinished material,4. Open-ended -- check against the lesson's model language.,"4. This is a personal rating, so there is no single answer. If you gave yourself 1 or 2 for any point, practise that part again: for pacing, add the three pauses from the Pronunciation section; for completeness, check that all four parts are there.",Unfinished model answer replaced with guidance for a self-assessment.,
53,1,M01 Starting Work,1.5 Building Basic Workplace Confidence,CE-L01-M01-L05,Production language / unfinished material,5. Open-ended -- check against the lesson's model language.,"5. Answers will vary. A strong recording: (1) includes all four parts (Open, Background, Role, Close); (2) uses the past simple for finished history and the present simple for the current role; (3) lasts 60–90 seconds with natural pauses; (4) is spoken, not read.",Unfinished model answer replaced with scoring criteria.,
54,1,M01 Starting Work,1.2 Talking About Your Background and Experience,CE-L01-M01-L02,Story continuity,"Hasan, a colleague from another team","Hasan, a front-office colleague he hasn't met yet",Hasan is Arif's front-office teammate in Lesson 1.3 and in every later level; 'another team' / 'Operations' contradicted that.,
55,1,M01 Starting Work,1.2 Talking About Your Background and Experience,CE-L01-M01-L02,Story continuity,"I'm Hasan, from the Operations team.","I'm Hasan, from the front-office team.",Hasan is Arif's front-office teammate in every later lesson.,
56,all,all,1 units,global rule: L1-1.4-accounts-colleague,Story continuity,pattern /\bPriyanka\b/,Nusrat,"Lesson 1.4 needs a colleague from another department, but Priyanka is Arif's front-office peer everywhere else in the book (she asks him to cover the front desk in 7.3 and works shifts with him in Levels 2–5). The Accounts colleague is renamed Nusrat. (7 replacements)",
57,1,M02 First-Day Communication,2.1 Arriving and Greeting on Day One,CE-L01-M02-L01,Story continuity,"Arif is standing outside a glass office building, his offer-letter email open on his phone.","Arif is standing outside the hotel's staff entrance, his offer-letter email open on his phone.",Module 2 was set in an office with a different supervisor and team; aligned with the hotel front office used in the rest of the book.,
58,1,M02 First-Day Communication,2.1 Arriving and Greeting on Day One,CE-L01-M02-L01,Story continuity,"Reception area, 8:55 AM. Arif approaches the front desk, where Meera is on the phone. Tom, a colleague, is walking past with a coffee.","The staff reception desk, 8:55 AM. Arif walks up to the desk, where Meera is on the phone. Tom, a front-office colleague, is walking past with a coffee.",Module 2 was set in an office with a different supervisor and team; aligned with the hotel front office used in the rest of the book.,
59,1,M02 First-Day Communication,2.1 Arriving and Greeting on Day One,CE-L01-M02-L01,Story continuity,"Let me just call her. Could you sign in here, please?","Let me just call him. Could you sign in here, please?",Module 2 was set in an office with a different supervisor and team; aligned with the hotel front office used in the rest of the book.,
60,1,M02 First-Day Communication,2.1 Arriving and Greeting on Day One,CE-L01-M02-L01,Story continuity,"I'm Tom, I work with Ms. Rahman's team.","I'm Tom, I'm on the front-office team.",Module 2 was set in an office with a different supervisor and team; aligned with the hotel front office used in the rest of the book.,
61,1,M02 First-Day Communication,2.1 Arriving and Greeting on Day One,CE-L01-M02-L01,Story continuity,All set — she's on her way down now.,All set — he's on his way down now.,Module 2 was set in an office with a different supervisor and team; aligned with the hotel front office used in the rest of the book.,
62,1,M02 First-Day Communication,2.1 Arriving and Greeting on Day One,CE-L01-M02-L01,Production language / unfinished material,"Friendly, informal-professional; learner receives this more than produces it in L01","Friendly, informal-professional; you will hear this more often than you say it",Production language and internal code ('L01').,
63,1,M02 First-Day Communication,2.1 Arriving and Greeting on Day One,CE-L01-M02-L01,Reference codes and links,"Two patterns, taught only as much as this situation needs: ""I'm + verb-ing"" for a right-now/today context (""I'm starting today"" — the ""true today"" use, not the ongoing-action sense) and ""I'm here to + verb"" (""I'm here to see Ms. Rahman"" — states purpose simply). No verb-tense lecture — both patterns are drilled only inside the dialogue and the speaking task. Sentence pattern(s) taught: PAT-0001 —…","Two short patterns are all you need on arrival: Present continuous for an arrangement — something already planned: ""I'm starting today."" (This is not about an action in progress; it states a fixed plan.) ""I'm here to + verb"" to state your purpose: ""I'm here to see Mr. Hossain."" Sentence pattern PAT-0001 : ""I'm here to + verb"" — ""I'm here to see Mr. Hossain."" / ""I'm here to collect my ID card.""","Production language ('no verb-tense lecture', 'drilled') removed, the grammar label made accurate (arrangement, not 'true today'), and the broken '— see.' reference replaced with the pattern itself.","Cambridge Grammar of English, present progressive for future arrangements"
64,1,M02 First-Day Communication,2.1 Arriving and Greeting on Day One,CE-L01-M02-L01,Pronunciation / word stress,"Word stress: STARTing today; here to SEE Ms. RAHman (content words stressed, not ""I'm"" or ""to"").","Sentence stress: ""I'm STARTing toDAY""; ""I'm here to SEE Mr. Hossain"" — the content words carry the stress, not ""I'm"" or ""to"".","These are examples of sentence stress, not word stress; 'today' is stressed on its second syllable.",
65,1,M02 First-Day Communication,2.1 Arriving and Greeting on Day One,CE-L01-M02-L01,Bengali / Hindi support,"Used only where it prevents a genuine, recurring mistake: ""I'm here to..."" is not a word-for-word translation of "" আমি এসেছি ...""; Bengali speakers often add an unnecessary ""for coming"" (""I have come here for..."") — the natural English pattern drops that entirely.","""আমি ... জন্য এসেছি"" translated word for word gives ""I have come here for..."", which sounds unnatural in English. Use ""I'm here to + verb"" instead: ""I'm here to see Mr. Hossain.""",Production language removed; the note now names the actual Bengali source structure.,
66,1,M02 First-Day Communication,2.1 Arriving and Greeting on Day One,CE-L01-M02-L01,Audio availability labelling,Listen to the dialogue. What does Meera give Arif before he goes upstairs?,Read the dialogue again. What does Meera give Arif before he goes upstairs?,No audio recording exists yet.,
67,1,M02 First-Day Communication,2.1 Arriving and Greeting on Day One,CE-L01-M02-L01,Exercise and answer key alignment,"""I'm here to + verb"" states your purpose simply.","to — ""I'm here to see Mr. Hossain."" ""I'm here to + verb"" states your purpose simply.",The answer key explained the pattern but never gave the answer.,
68,1,M02 First-Day Communication,2.1 Arriving and Greeting on Day One,CE-L01-M02-L01,Production language / unfinished material,4. Open-ended -- check against the lesson's model language.,"4. Sample: ""Good morning. I'm Arif — I'm starting today. I'm here to see Mr. Hossain."" … ""Nice to meet you, Tom. I'm Arif."" … ""Thanks! See you around."" Check: name and purpose in one or two short sentences, ""Nice to meet you"" when a colleague introduces himself, a short thank-you to close.",Unfinished model answer replaced with a sample and checklist.,
69,1,M02 First-Day Communication,2.2 Meeting Your Supervisor and Team,CE-L01-M02-L02,Story continuity,"Ms. Rahman meets Arif at the top of the stairs. ""Ready?"" she asks with a smile. ""Let's introduce you to the team."" Arif follows her onto the floor, where four faces look up from their desks, one by one.","Mr. Hossain, his supervisor, meets Arif at the top of the stairs. ""Ready?"" he asks with a smile. ""Let's introduce you to the team."" Arif follows him into the front-office back room, where three faces look up from their desks, one by one.","Module 2 was set in an office with a different supervisor and team; aligned with the hotel front office used in the rest of the book. The dialogue introduces three colleagues, not four.",
70,1,M02 First-Day Communication,2.2 Meeting Your Supervisor and Team,CE-L01-M02-L02,Story continuity,Open-plan office floor. Ms. Rahman walks Arif past three desks.,"The front-office back room, behind the front desk. Mr. Hossain walks Arif past three desks.",Module 2 was set in an office with a different supervisor and team; aligned with the hotel front office used in the rest of the book.,
71,1,M02 First-Day Communication,2.2 Meeting Your Supervisor and Team,CE-L01-M02-L02,Story continuity,"Everyone, this is Arif — he's joining us in Operations.","Everyone, this is Arif — he's joining us on the front desk.",Module 2 was set in an office with a different supervisor and team; aligned with the hotel front office used in the rest of the book.,
72,1,M02 First-Day Communication,2.2 Meeting Your Supervisor and Team,CE-L01-M02-L02,Production language / unfinished material,"Sincere, low-pressure — mainly received, not produced, in L02","Sincere, low-pressure — you will usually hear this rather than say it",Production language and internal code.,
73,1,M02 First-Day Communication,2.2 Meeting Your Supervisor and Team,CE-L01-M02-L02,Story continuity,Operations (dept.) n. The team that keeps daily work running,"Front Office (dept.) n. The hotel team that handles check-in, check-out and guest requests at the front desk",Module 2 was set in an office with a different supervisor and team; aligned with the hotel front office used in the rest of the book.,
74,1,M02 First-Day Communication,2.2 Meeting Your Supervisor and Team,CE-L01-M02-L02,Story continuity,অপারেশন্স বিভাগ,ফ্রন্ট অফিস বিভাগ,Module 2 was set in an office with a different supervisor and team; aligned with the hotel front office used in the rest of the book.,
75,1,M02 First-Day Communication,2.2 Meeting Your Supervisor and Team,CE-L01-M02-L02,Story continuity,ऑपरेशंस विभाग,फ्रंट ऑफिस विभाग,Module 2 was set in an office with a different supervisor and team; aligned with the hotel front office used in the rest of the book.,
76,1,M02 First-Day Communication,2.2 Meeting Your Supervisor and Team,CE-L01-M02-L02,Story continuity,Operations handles scheduling and logistics.,"Front Office handles check-ins, check-outs and guest requests.",Module 2 was set in an office with a different supervisor and team; aligned with the hotel front office used in the rest of the book.,
77,1,M02 First-Day Communication,2.2 Meeting Your Supervisor and Team,CE-L01-M02-L02,Reference codes and links,"contrasted briefly with self-introduction (""I'm Arif"") from L01.","contrasted briefly with self-introduction (""I'm Arif"") from Module 1.",Internal code replaced.,
78,1,M02 First-Day Communication,2.2 Meeting Your Supervisor and Team,CE-L01-M02-L02,Headings and structure,NOTICE THIS: Saying,Saying,The label 'Notice this' was printed twice.,
79,1,M02 First-Day Communication,2.2 Meeting Your Supervisor and Team,CE-L01-M02-L02,Exercise and answer key alignment,________ ________ ________,"(1) Your supervisor introduces you to the whole team at once. ________ (2) A second colleague introduces herself, right after the first. ________ (3) You meet someone you already met downstairs this morning. ________ Responses: (a) ""Good to see you again."" (b) ""Hi everyone, nice to meet you all."" (c) ""Great to meet you, Priyanka.""",The matching exercise had no items to match — the situations and responses were missing.,
80,1,M02 First-Day Communication,2.2 Meeting Your Supervisor and Team,CE-L01-M02-L02,Exercise and answer key alignment,→; →; →,"(1) → (b) ""Hi everyone, nice to meet you all."" (2) → (c) ""Great to meet you, Priyanka."" (3) → (a) ""Good to see you again.""",The answer key was empty ('→; →; →').,
81,1,M02 First-Day Communication,2.2 Meeting Your Supervisor and Team,CE-L01-M02-L02,Production language / unfinished material,2. Open-ended -- check against the lesson's model language.,"2. Sample: 2nd introduction — ""Great to meet you, Priyanka."" 3rd introduction — ""Good to meet you, Faisal. Thanks for the welcome."" Any natural variation is correct, as long as it is not the same sentence repeated and it uses the person's name.",Unfinished model answer replaced with a sample.,
82,1,M02 First-Day Communication,2.3 Receiving Instructions and Understanding Routines,CE-L01-M02-L03,Story continuity,"At his new desk, Arif's computer is still starting up when","At the back-office computer, Arif's login screen is still loading when",Module 2 was set in an office with a different supervisor and team; aligned with the hotel front office used in the rest of the book.,
83,1,M02 First-Day Communication,2.3 Receiving Instructions and Understanding Routines,CE-L01-M02-L03,Reference codes and links,"Sequencing language: first... then..., and then..., before... — used naturally, not as a grammar drill, to structure multi-step instructions. Conditional instructions (""if... just...""): ""If anything looks off, just flag it"" — a first light exposure to a real-world conditional pattern (full conditional grammar comes at higher levels; here it's a fixed useful pattern, not a rule). See GIC-0001 for …","GIC-0001 Sequencing and simple conditions in instructions Sequence words put steps in order: first … then … and then … before lunch . ""Check email first, then there's a quick huddle at 9:30."" ""If"" + present simple gives a condition: ""If anything looks off, just flag it."" Use the present simple after if , even though it is about the future: ""If I see anything, I'll message you"" (not ""if I will see…","The grammar card, patterns and formula were only referenced ('— see.'), never shown; their content is now given in place, and production language removed.",
84,1,M02 First-Day Communication,2.3 Receiving Instructions and Understanding Routines,CE-L01-M02-L03,Production language / unfinished material,Stress on key content words in Line 01:,Stress on key content words in Mr. Hossain's first line:,Internal script reference ('Line 01').,
85,1,M02 First-Day Communication,2.3 Receiving Instructions and Understanding Routines,CE-L01-M02-L03,Production language / unfinished material,"Received, not produced, by the learner here","You will usually hear this, not say it",Production language.,
86,1,M02 First-Day Communication,2.3 Receiving Instructions and Understanding Routines,CE-L01-M02-L03,Production language / unfinished material,"Production notes Dual audio track: a natural-speed FULL track plus a slowed FULL-SLOW scaffold track, both referencing the same LINE0X transcript (Chapter 3 Part N.3's production-template refinement) — this is the one lesson in the module with a slowed variant.",(removed),Internal audio-production notes printed in the lesson.,
87,1,M02 First-Day Communication,2.3 Receiving Instructions and Understanding Routines,CE-L01-M02-L03,Audio availability labelling,"Listen to Ms. Rahman's instruction. What are the two tasks, and what is the deadline?","Read Mr. Hossain's instruction again. What are the two tasks, and what is the deadline?",No audio recording exists yet.,
88,1,M02 First-Day Communication,2.3 Receiving Instructions and Understanding Routines,CE-L01-M02-L03,Exercise and answer key alignment,Put the steps of the morning routine in the correct order. ________ ________,Put the steps of the morning routine in the correct order: (a) the team huddle at 9:30 (b) checking email First: ________ Then: ________,The ordering exercise had no steps to order.,
89,1,M02 First-Day Communication,2.3 Receiving Instructions and Understanding Routines,CE-L01-M02-L03,Exercise and answer key alignment,→; →,First: (b) check email. Then: (a) the team huddle at 9:30.,The answer key was empty ('→; →').,
90,1,M02 First-Day Communication,2.3 Receiving Instructions and Understanding Routines,CE-L01-M02-L03,Audio availability labelling,"Listen to a new 2-part instruction, restate it, then ask one clarifying question about the unclear part.","A partner reads you this instruction: ""Can you print the client list, and then pop a copy in the tray for the night team before you go?"" Restate it, then ask one clarifying question about the unclear part.",The task asked learners to respond to an instruction that was not provided (and to listen to audio that does not exist).,
91,1,M02 First-Day Communication,2.3 Receiving Instructions and Understanding Routines,CE-L01-M02-L03,Exercise and answer key alignment,1. Open-ended -- check against the lesson's model language.,"1. Tasks: (1) set up his email signature, (2) go through the client list Priyanka sends. Deadline: before lunch.",The key gave no answer to a question with a single correct answer.,
92,1,M02 First-Day Communication,2.3 Receiving Instructions and Understanding Routines,CE-L01-M02-L03,Production language / unfinished material,4. Open-ended -- check against the lesson's model language.,"4. Sample: ""So, print the client list first, and then put a copy in the tray for the night team before I go. Just to check — which tray do you mean? The one at the front desk, or the one in the back office?""",Unfinished model answer replaced with a sample.,
93,1,M02 First-Day Communication,2.3 Receiving Instructions and Understanding Routines,CE-L01-M02-L03,Exercise and answer key alignment,"""I'll + action + if + condition"" (present tense in the if-clause) — this is PAT-0003, practiced with the exact sentence Arif uses in the dialogue.","""I'll message you directly if I see anything unusual."" Use the present simple after if (PAT-0003).",The answer key described the pattern but never gave the completed sentence.,
94,1,M02 First-Day Communication,2.4 Finding Your Way and Asking Where Things Are,CE-L01-M02-L04,Story continuity,"Open floor, near Priya's desk.","The back office, near Priyanka's desk.",Module 2 was set in an office with a different supervisor and team; aligned with the hotel front office used in the rest of the book.,
95,1,M02 First-Day Communication,2.4 Finding Your Way and Asking Where Things Are,CE-L01-M02-L04,Production language / unfinished material,(undermines the learner unnecessarily),(undermines the speaker unnecessarily),Meta reference to 'the learner' inside a model-language example.,
96,1,M02 First-Day Communication,2.4 Finding Your Way and Asking Where Things Are,CE-L01-M02-L04,Production language / unfinished material,"taught through the dialogue and the floor-plan activity, not as a standalone list.",shown in the dialogue and in the directions list below.,The floor-plan activity it referred to does not exist in the book.,
97,1,M02 First-Day Communication,2.4 Finding Your Way and Asking Where Things Are,CE-L01-M02-L04,Reference codes and links,"Sentence pattern(s) taught: PAT-0004 , PAT-0005 — see.","Sentence patterns: PAT-0004 ""Could you tell me where + [place] + is?"" (statement word order after ""where"": ""where the washroom is "", not ""where is the washroom""). PAT-0005 ""Go straight down…, and it's on your left/right, (just) past/before…""","Broken '— see.' reference replaced with the patterns, including the word-order point that makes embedded questions difficult.",
98,1,M02 First-Day Communication,2.4 Finding Your Way and Asking Where Things Are,CE-L01-M02-L04,Bengali / Hindi support,"Bengali support None beyond vocabulary glossing — this lesson is close to universal and low-risk for direct-translation errors. Hindi support None beyond vocabulary glossing, for the same reason.","Bengali/Hindi support Bengali and Hindi keep the normal question order inside a longer question, so learners often say ""Could you tell me where is the washroom?"" In English, the inner question uses statement order: ""Could you tell me where the washroom is ?"" (বাংলা: ""ওয়াশরুম কোথায়?"" → English: ""where the washroom is""; हिंदी: ""वॉशरूम कहाँ है?"" → ""where the washroom is"".)",The sections said no support was needed; embedded-question word order is a real and common difficulty for these learners.,"Cambridge Grammar of English, indirect/embedded questions"
99,1,M02 First-Day Communication,2.4 Finding Your Way and Asking Where Things Are,CE-L01-M02-L04,Production language / unfinished material,"Interactive floor-plan activity interactive floor-plan (Section H.2 Type H — Interactive Visual). On-screen instruction: ""Tap a location to hear directions from Arif's desk."" Hotspots: Reception, Desk, Printer, Washroom, Break Room Print fallback: Static labeled diagram (5 numbered locations) plus a printed direction list in PAT-0005's exact wording, e.g. ""5. Break room — go straight down the hal…","Directions from Arif's desk Front desk — go back through the door behind you, and it's straight ahead. Mr. Hossain's office — go down the hallway, and it's the first door on your right. Printer — go straight down the hallway, and it's on your left, just before the washroom. Washroom — go straight down the hallway, and it's on your left, just past the printer. Break room — go straight down the hal…",The section described an interactive floor plan and a print fallback that were never produced (production specification text). Replaced with the directions list the activity was meant to use (PAT-0005 wording).,
100,1,M02 First-Day Communication,2.4 Finding Your Way and Asking Where Things Are,CE-L01-M02-L04,Audio availability labelling,Listen to the directions. Where is the washroom?,Read Priyanka's directions in the dialogue again. Where is the washroom?,No audio recording exists yet.,
101,1,M02 First-Day Communication,2.4 Finding Your Way and Asking Where Things Are,CE-L01-M02-L04,Audio availability labelling,Floor Plan Interaction Tap the hotspot for the location described in the audio.,"Reading Directions Use the ""Directions from Arif's desk"" list. Which place is described? (a) ""Go down the hallway, and it's the first door on your right."" (b) ""Go straight down the hallway, and it's on your right, past the printer.""",The exercise depended on an interactive hotspot and audio that do not exist.,
102,1,M02 First-Day Communication,2.4 Finding Your Way and Asking Where Things Are,CE-L01-M02-L04,Exercise and answer key alignment,2. Open-ended -- check against the lesson's model language.,"2. where — ""Sorry to bother you, but could you tell me where the printer is?"" (Statement order: ""where the printer is"".)",The key gave no answer to a fill-in item with one correct answer.,
103,1,M02 First-Day Communication,2.4 Finding Your Way and Asking Where Things Are,CE-L01-M02-L04,Exercise and answer key alignment,3. Open-ended -- check against the lesson's model language.,3. (a) Mr. Hossain's office. (b) The break room.,Answer added for the rewritten exercise.,
104,1,M02 First-Day Communication,2.4 Finding Your Way and Asking Where Things Are,CE-L01-M02-L04,Production language / unfinished material,4. Open-ended -- check against the lesson's model language.,"4. Sample: ""Sorry to bother you — could you tell me where the break room is?"" … ""Down the hallway, on the right, past the printer — got it. Thank you so much."" Check: one softener, the embedded question in statement order, the directions repeated back, a thank-you.",Unfinished model answer replaced with a sample and checklist.,
105,1,M02 First-Day Communication,2.4 Finding Your Way and Asking Where Things Are,CE-L01-M02-L04,Exercise and answer key alignment,5. Open-ended -- check against the lesson's model language.,"5. ""Go straight down the hallway, and it's on your right, past the printer.""",The key gave no answer although the directions list fixes the answer.,
106,1,M02 First-Day Communication,2.5 Ending Your First Day Professionally,CE-L01-M02-L05,Story continuity,"Arif's screen is still open, but the office is starting to quiet down.","Arif's screen is still open, but the back office is starting to quiet down.",Module 2 was set in an office with a different supervisor and team; aligned with the hotel front office used in the rest of the book.,
107,1,M02 First-Day Communication,2.5 Ending Your First Day Professionally,CE-L01-M02-L05,Story continuity,stops by his desk on her way out.,stops by his desk on his way out.,Module 2 was set in an office with a different supervisor and team; aligned with the hotel front office used in the rest of the book.,
108,1,M02 First-Day Communication,2.5 Ending Your First Day Professionally,CE-L01-M02-L05,Production language / unfinished material,Directly recycles/mirrors L01's arrival greeting — a deliberate symmetry,Mirrors the arrival greeting from Lesson 2.1,Production language and internal code.,
109,1,M02 First-Day Communication,2.5 Ending Your First Day Professionally,CE-L01-M02-L05,Production language / unfinished material,"No new vocabulary items in this lesson — a deliberate design choice, consistent with the Chapter 2 map's synthesis-lesson pattern (this lesson consolidates Module 2's language rather than introducing more).",There is no new vocabulary in this lesson: it brings together the language of Module 2.,Production language ('Chapter 2 map').,
110,1,M02 First-Day Communication,2.5 Ending Your First Day Professionally,CE-L01-M02-L05,Reference codes and links,Sentence pattern(s) taught: PAT-0006 — see. Tone ladder: TL-0001 — see.,"Sentence pattern PAT-0006 : ""Have a good + [evening / weekend / day off]."" Tone ladder TL-0001 : Leaving at the end of the day ❌ Too casual: (leaving without a word) / ""Bye."" Basic: ""See you."" Better: ""See you tomorrow!"" ✅ Professional (taught rung): ""Thanks — have a good evening. See you tomorrow at 9."" ❌ Too formal: ""I shall now take my leave. I wish you a pleasant evening.""","The pattern and tone ladder were only referenced ('— see.'), never shown; their content is now given in place.",
111,1,M02 First-Day Communication,2.5 Ending Your First Day Professionally,CE-L01-M02-L05,Production language / unfinished material,"Bengali support None needed — this lesson deliberately avoids new translation load, closing the module the way it closes the day: simply. Hindi support None needed, for the same reason.",(removed),Empty support sections that only said no support was needed; removed.,
112,1,M02 First-Day Communication,2.5 Ending Your First Day Professionally,CE-L01-M02-L05,Exercise and answer key alignment,2. Open-ended -- check against the lesson's model language.,"2. At 9 o'clock (9 AM) — ""Same time tomorrow, 9 o'clock?"" ""Perfect, I'll see you at 9.""",The key gave no answer to a question with a single correct answer.,
113,1,M02 First-Day Communication,2.5 Ending Your First Day Professionally,CE-L01-M02-L05,Exercise and answer key alignment,3. Open-ended -- check against the lesson's model language.,"3. evening — ""Great. Have a good evening, Arif.""",The key gave no answer to a fill-in item.,
114,1,M02 First-Day Communication,2.5 Ending Your First Day Professionally,CE-L01-M02-L05,Production language / unfinished material,4. Open-ended -- check against the lesson's model language.,"4. Sample: ""Really good, thank you — a lot to take in, but I enjoyed it."" … ""Perfect, I'll see you at 9."" … ""Thanks, you too. See you tomorrow!"" … ""Thanks, Priyanka — see you tomorrow."" Check: an honest, positive comment; the next-day time confirmed; a goodbye to each person.",Unfinished model answer replaced with a sample and checklist.,
115,all,all,4 units,global rule: L1M02-supervisor-name,Story continuity,pattern /Ms\. Rahman/,Mr. Hossain,Module 2 was set in an office with a different supervisor and team; aligned with the hotel front office used in the rest of the book. (24 replacements),
116,all,all,4 units,global rule: L1M02-priya-to-priyanka,Story continuity,pattern /\bPriya\b/,Priyanka,Module 2 was set in an office with a different supervisor and team; aligned with the hotel front office used in the rest of the book. (17 replacements),
117,1,M03 Greetings & Small Talk,3.1 Formal and Informal Greetings,CE-L01-M03-L01,Story continuity,"Same morning, three doors down. Arif is a few weeks into the job now, and greetings have stopped feeling like a performance","It's a Monday morning, a few weeks into the job, and greetings have stopped feeling like a performance for Arif","'Same morning, three doors down' referred to nothing (this is the first scene of the module).",
118,1,M03 Greetings & Small Talk,3.1 Formal and Informal Greetings,CE-L01-M03-L01,Story continuity,"Priyanka, a peer from Accounts who joined around the same time as Arif","Priyanka, a front-office colleague who joined a couple of weeks before Arif","Priyanka is Arif's front-office peer throughout the book (she sits next to him from his first day, Lesson 2.2).",
119,1,M03 Greetings & Small Talk,3.1 Formal and Informal Greetings,CE-L01-M03-L01,Typography and consistency,hospitality:,Hospitality:,Industry labels are capitalised elsewhere.,
120,1,M03 Greetings & Small Talk,3.2 Starting a Conversation,CE-L01-M03-L02,Typography and consistency,hospitality/retail: the same,Hospitality/retail: The same,Industry labels are capitalised elsewhere.,
121,1,M03 Greetings & Small Talk,3.2 Starting a Conversation,CE-L01-M03-L02,Typography and consistency,office: small talk,Office: Small talk,Industry labels are capitalised elsewhere.,
122,1,M03 Greetings & Small Talk,3.2 Starting a Conversation,CE-L01-M03-L02,Exercise and answer key alignment,Priyanka opens with a workload question before moving on to the weekend and the commute.,"""Busy morning so far?"" — a question about workload. She then moves on to the weekend and the commute.",The key described the opener but did not quote it.,
123,1,M03 Greetings & Small Talk,3.2 Starting a Conversation,CE-L01-M03-L02,Exercise and answer key alignment,"""How about you?"" is the simplest, most natural way to return a question.","How about (or What about ) — ""Pretty quiet, actually. How about you?"" This is the simplest, most natural way to return a question.",The key did not give the words that fill the blank.,
124,1,M03 Greetings & Small Talk,3.3 Safe and Unsafe Small-Talk Topics,CE-L01-M03-L03,Exercise and answer key alignment,The right-hand-column topics from the lesson's working list all carry a real risk of discomfort; the left-hand ones are broadly safe defaults.,"Safe: weather, weekend plans, local restaurants. Unsafe / needs care: salary, religion, relationship status, someone's age. Depends: company news — safe when it is public and non-sensitive (a new restaurant opening in the hotel), not when it is about people's jobs, pay or rumours. The key question is whether the topic could make someone uncomfortable or reveal something private.",The answer key did not sort the eight topics and ignored the 'Depends' category the exercise asks for.,
125,1,M03 Greetings & Small Talk,3.4 Ending a Conversation Politely,CE-L01-M03-L04,Reference codes and links,"Module 3 assessment This lesson's final activity (A04) doubles as the Module 3 capstone: a short, unscripted small-talk role-play that draws on all four lessons -- choosing the right register (L01), opening and following up (L02), staying on safe topics or redirecting when needed (L03), and closing cleanly (L04).","Module 3 final task Exercise 4 is the final task for Module 3: a short, unscripted small-talk role-play that uses all four lessons — choosing the right register (Lesson 3.1), opening and following up (Lesson 3.2), staying on safe topics or redirecting when needed (Lesson 3.3), and closing cleanly (Lesson 3.4).","Internal activity and lesson codes (A04, L01–L04) replaced; 'capstone' is reserved for the level capstones.",
126,1,M03 Greetings & Small Talk,3.4 Ending a Conversation Politely,CE-L01-M03-L04,Assessment instructions and scoring,Module 3 capstone. Play a short,Module 3 final task. Play a short,'Capstone' is reserved for the end-of-level capstones.,
127,1,M03 Greetings & Small Talk,3.4 Ending a Conversation Politely,CE-L01-M03-L04,Exercise and answer key alignment,"""Get back to it"" is the standard phrase for returning to work after small talk.","get back — ""Well, I'd better get back to it."" This is the standard phrase for returning to work after small talk.",The key did not give the words that fill the blanks.,
128,1,M03 Greetings & Small Talk,3.4 Ending a Conversation Politely,CE-L01-M03-L04,Assessment instructions and scoring,What to listen/look for: Demonstrates all four Module 3 skills,Scoring: give one point for each of the four Module 3 skills shown,The assessment item had no scoring; it now states what earns credit.,
129,1,M03 Greetings & Small Talk,3.4 Ending a Conversation Politely,CE-L01-M03-L04,Assessment instructions and scoring,and a two-part closing line (warm comment + transition back to work).,and a two-part closing line (warm comment + transition back to work). 4 points = task complete; 3 = complete with one weak area to practise; 2 or fewer = repeat the lesson whose skill was missing.,The assessment item had no scoring scale.,
130,1,M04 Understanding Instructions,4.1 Listening for Key Information,CE-L01-M04-L01,Headings and structure,Listen & Read,(removed),An empty 'Listen & Read' box with no dialogue in it.,
131,1,M04 Understanding Instructions,4.1 Listening for Key Information,CE-L01-M04-L01,Audio availability labelling,"(In the full digital course, these play as short audio clips of increasing speed. Read each one below as if it were spoken quickly and naturally -- not slowed down for you.)","(Audio for these clips is not available yet. Read each one quickly, as if it were spoken at a natural speed, or ask a partner or teacher to read them aloud to you, getting faster each time.)",The note referred to a digital course with audio that does not exist.,
132,1,M04 Understanding Instructions,4.1 Listening for Key Information,CE-L01-M04-L01,Headings and structure,"Clip 1 (retail, easier pace):","Clip A (retail, easier pace):",The clips were numbered 1–3 here but lettered A–C in the exercises.,
133,1,M04 Understanding Instructions,4.1 Listening for Key Information,CE-L01-M04-L01,Headings and structure,"Clip 2 (office, natural pace, two parts):","Clip B (office, natural pace, two parts):",The clips were numbered 1–3 here but lettered A–C in the exercises.,
134,1,M04 Understanding Instructions,4.1 Listening for Key Information,CE-L01-M04-L01,Headings and structure,"Clip 3 (IT, fastest, two actions):","Clip C (IT, fastest, two actions):",The clips were numbered 1–3 here but lettered A–C in the exercises.,
135,1,M04 Understanding Instructions,4.1 Listening for Key Information,CE-L01-M04-L01,Headings and structure,"In Clip 2 above, what's the deadline?","In Clip B above, what's the deadline?",Consistent clip lettering.,
136,1,M04 Understanding Instructions,4.1 Listening for Key Information,CE-L01-M04-L01,Bengali / Hindi support,এবং কখনের মধ্যে করতে হবে,এবং কোন সময়ের মধ্যে করতে হবে,'কখনের' is not a Bengali word; 'কোন সময়ের মধ্যে' (by what time) is the intended meaning.,
137,1,M04 Understanding Instructions,4.1 Listening for Key Information,CE-L01-M04-L01,Audio availability labelling,Listen to (read) Clip C and note down,Read Clip C (or have a partner read it aloud) and note down,No audio recording exists yet.,
138,1,M04 Understanding Instructions,4.1 Listening for Key Information,CE-L01-M04-L01,Exercise and answer key alignment,"The deadline is given at the end of the sentence -- ""before your shift ends.""","""Before your shift ends."" Note that the deadline comes at the very end of the sentence.","Answer first, then the reason.",
139,1,M04 Understanding Instructions,4.1 Listening for Key Information,CE-L01-M04-L01,Exercise and answer key alignment,"The instruction is ""file these invoices, AND make sure the totals match"" -- the second action (checking totals) is easy to lose if you stop listening after ""file.""","Make sure the totals match the report (before sending it up). The second action is easy to lose if you stop listening after ""file"".","Answer first, then the reason.",
140,1,M04 Understanding Instructions,"4.3 Understanding Priorities, Sequence and Deadlines",CE-L01-M04-L03,Story continuity,"❌ Missed priority: doing the three tasks in the exact order they were mentioned, without noticing that the urgent one was actually listed second.","❌ Missed priority: doing the three tasks in the exact order they were mentioned, without noticing that the urgent one was actually mentioned last.","In the dialogue the urgent client reply is mentioned last, not second.",
141,1,M04 Understanding Instructions,"4.3 Understanding Priorities, Sequence and Deadlines",CE-L01-M04-L03,Exercise and answer key alignment,"""So the client reply is urgent -- I'll do that first, then the filing, then set up the room since that's not needed until this afternoon.""","""So the client reply is urgent — I'll do that first, then set up the room for this afternoon, and file the receipts whenever I get a chance after that.""","The ✅ example put the filing ('whenever you get a chance') before the room needed this afternoon, contradicting the dialogue and the lesson's priority rule.",
142,1,M04 Understanding Instructions,"4.3 Understanding Priorities, Sequence and Deadlines",CE-L01-M04-L03,Exercise and answer key alignment,"The client reply is explicitly marked urgent, so it comes first, even though it was mentioned last in the instruction.","1. Reply to the client (marked urgent, although it was mentioned last). 2. Set up the meeting room (needed this afternoon). 3. File yesterday's receipts (""whenever you get a chance"").",The key explained the first task only; the exercise asks for all three in order.,
143,1,M04 Understanding Instructions,4.4 Saying When Something Is Unclear,CE-L01-M04-L04,Reference codes and links,"because it only works well once you already know how to listen for key information (L01), confirm accurately (L02), and sort priority (L03).","because it only works well once you already know how to listen for key information (Lesson 4.1), confirm accurately (Lesson 4.2), and sort priority (Lesson 4.3).",Internal lesson codes replaced.,
144,1,M04 Understanding Instructions,4.4 Saying When Something Is Unclear,CE-L01-M04-L04,Reference codes and links,"Module 4 assessment This lesson's final activity (A04) is the Module 4 capstone: a listening comprehension check combined with a confirmation role-play, drawing on all four lessons -- catching the key information (L01), confirming it accurately (L02), sorting priority if more than one task is involved (L03), and flagging the one specific part that's genuinely unclear (L04).","Module 4 final task Exercise 4 is the final task for Module 4. It combines all four lessons: catching the key information (Lesson 4.1), confirming it accurately (Lesson 4.2), sorting priority when there is more than one task (Lesson 4.3), and flagging the one part that is genuinely unclear (Lesson 4.4).","Internal codes (A04, L01–L04) replaced; 'capstone' is reserved for the level capstones.",
145,1,M04 Understanding Instructions,4.4 Saying When Something Is Unclear,CE-L01-M04-L04,Assessment instructions and scoring,"Module 4 capstone. Listen to (read) an instruction with a task, a deadline, and one unfamiliar term. Confirm the parts you understood, flag the specific unclear term, and once it's explained, restate the full instruction back in priority order if more than one task is involved.","Module 4 final task. A partner reads you this instruction: ""Can you print the rooming list for the Rahman group and leave it at the front desk before 2? Oh, and reconcile the deposit sheet by end of day."" Confirm the parts you understood, flag the unfamiliar term, and once your partner explains it (""check that the deposits on the sheet match the payments in the system""), restate both tasks in ord…","The assessment told learners to respond to an instruction that was never provided, and to listen to audio that does not exist.",
146,1,M04 Understanding Instructions,4.4 Saying When Something Is Unclear,CE-L01-M04-L04,Assessment instructions and scoring,"What to listen/look for: Demonstrates all four Module 4 skills in one exchange -- accurately confirms the clear parts of the instruction, names the specific unclear term rather than saying ""I don't understand,"" and restates the full instruction correctly once clarified.","Sample: ""Got it — print the rooming list for the Rahman group and leave it at the front desk before 2. I'm not sure I understood the last part, though — what exactly do you mean by 'reconcile the deposit sheet'?"" … ""So, first the rooming list by 2, then I'll check the deposit sheet against the system by end of day."" Scoring (1 point each): confirms the first task accurately; names the unclear ter…",The key gave criteria only for an instruction that did not exist; it now has a sample answer and a scoring scale.,
147,1,M05 Asking for Help & Clarification,5.1 Asking Someone to Repeat or Explain,CE-L01-M05-L01,Natural professional English,Could you explain that + a different way / a different way?,Could you explain that + in a different way / another way?,The pattern repeated the same option twice ('a different way / a different way').,
148,1,M05 Asking for Help & Clarification,5.2 Asking the Right Clarifying Question,CE-L01-M05-L02,Story continuity,Arif understood almost all of Priyanka's message about the weekly report -- except one detail.,Arif understood almost all of Priyanka's request for the updated numbers — except one detail: which meeting she means.,"The opening described a 'weekly report', but the dialogue is about numbers for one of two meetings.",
149,1,M05 Asking for Help & Clarification,5.2 Asking the Right Clarifying Question,CE-L01-M05-L02,Natural professional English,"Just to check — do you mean the sales numbers for this week, or the client meeting at 4 PM?","Just to check — do you mean the team meeting at 11, or the client meeting at 4 PM?","The two options did not match: Arif's confusion is about which meeting, so both options must be meetings.",
150,1,M05 Asking for Help & Clarification,5.2 Asking the Right Clarifying Question,CE-L01-M05-L02,Grammar / usage explanation,"No problem, I'll have it ready by 3:30.","No problem, I'll have them ready by 3:30.","'Numbers' is plural, so the pronoun should be 'them'.",
151,1,M05 Asking for Help & Clarification,5.2 Asking the Right Clarifying Question,CE-L01-M05-L02,Bengali / Hindi support,आप क्या मतलब कह रहे हैं,आपका क्या मतलब है,'आप क्या मतलब कह रहे हैं' is not natural Hindi; the everyday question is 'आपका क्या मतलब है?'.,
152,1,M05 Asking for Help & Clarification,5.2 Asking the Right Clarifying Question,CE-L01-M05-L02,Exercise and answer key alignment,(this week's sales numbers vs. the 4 PM meeting),(the 11 o'clock team meeting vs. the 4 PM client meeting),Aligned with the corrected dialogue.,
153,1,M05 Asking for Help & Clarification,5.3 Asking Colleagues vs. Asking Supervisors,CE-L01-M05-L03,Exercise and answer key alignment,"Small, routine, low-stakes questions (the stapler, the printer) go to a colleague. Anything involving an approval, a decision, or a deadline change goes to a supervisor, even if a colleague happens to know the answer.","(1) Colleague. (2) Supervisor. (3) Colleague. (4) Supervisor. Small, routine questions (the stapler, the printer) go to a colleague; anything involving an approval, a decision or a deadline change goes to a supervisor, even if a colleague happens to know the answer.",The key stated the rule but did not answer the four items.,
154,all,all,5 units,global rule: L1M06-remove-duplicated-dialogue,Headings and structure,pattern /<h2>Modeled in context</h2>\s*<blockquote>.*?</blockquote>\s*/,,"Each lesson printed its Listen & Read dialogue a second time, word for word, under 'Modeled in context'. (5 replacements)",
155,1,M06 Basic Workplace Vocabulary,"6.1 People, Roles and Departments",CE-L01-M06-L01,Story continuity,Priyanka works in Accounts.,Priyanka works on the front desk.,Priyanka is Arif's front-office peer throughout the book.,
156,1,M06 Basic Workplace Vocabulary,"6.1 People, Roles and Departments",CE-L01-M06-L01,Grammar / usage explanation,"specific staffed counter itself — you'd say ""leave it at the front desk,"" not usually ""leave it at the reception."" In many workplaces the words are used almost interchangeably, but front desk is the more precise choice when you mean the counter itself.","specific staffed counter itself. Both are correct, but they behave differently: reception is normally used without ""the"" after at (""Please wait at reception""), while front desk always takes ""the"" (""Leave it at the front desk""). ""Leave it at the reception"" is the mistake to avoid. In hotels, front desk is the usual name for the counter and for the team that works there.",The original implied that 'leave it at reception' was unusual. 'At reception' (no article) is standard; the real error is adding 'the'.,"Cambridge Dictionary, 'reception' (UK: at reception)"
157,1,M06 Basic Workplace Vocabulary,"6.1 People, Roles and Departments",CE-L01-M06-L01,Exercise and answer key alignment,"A colleague says: ""Ask the reception if you need help with that."" Rewrite this using the more precise word for the staffed counter itself, and explain the difference in one sentence.","A colleague says: ""Ask the reception if you need help with that."" Correct the sentence in two ways: once with ""reception"" and once with ""front desk"".",The exercise now tests the article point the corrected explanation teaches.,
158,1,M06 Basic Workplace Vocabulary,"6.1 People, Roles and Departments",CE-L01-M06-L01,Exercise and answer key alignment,"Suggested answer: Ask the front desk if you need help with that. (""Reception"" is the general area/function; ""front desk"" is the specific staffed counter.)","""Ask at reception if you need help with that."" (no ""the"") / ""Ask the front desk if you need help with that.""",Aligned with the corrected explanation.,
159,1,M06 Basic Workplace Vocabulary,"6.2 Places, Tools and Documents at Work",CE-L01-M06-L02,Production language / unfinished material,4. Open-ended -- check against the lesson's model language.,"4. Answers will vary. Check that the plan labels at least five places or objects with words from this lesson (for example: meeting room, storeroom, printer, notice board, front desk) and that each label is spelled correctly.",Unfinished model answer replaced with marking criteria.,
160,1,M06 Basic Workplace Vocabulary,"6.3 Time, Schedules and Deadlines",CE-L01-M06-L03,Natural professional English,"Arriving or finishing exactly when expected, not early or late",At the planned time; not late,"'On time' means not late; arriving early is still on time, so 'not early' was wrong.","Cambridge Dictionary, 'on time'"
161,1,M06 Basic Workplace Vocabulary,6.5 Core Workplace Verbs and Professional Phrases,CE-L01-M06-L05,Natural professional English,and escalate to the team lead if Accounts is still pending tomorrow.,and escalate to their team lead if Accounts still hasn't replied tomorrow.,"'Pending' describes a task, not a department ('if Accounts is still pending' is not natural English).",
162,1,M06 Basic Workplace Vocabulary,6.5 Core Workplace Verbs and Professional Phrases,CE-L01-M06-L05,Reference codes and links,"Module 2 (informal use, ""could you tell me"")","Module 2 (""Could you sign in here, please?"")",The 'First used' column was vague; it now cites the first use.,
163,1,M06 Basic Workplace Vocabulary,6.5 Core Workplace Verbs and Professional Phrases,CE-L01-M06-L05,Reference codes and links,Module 4/5 (implied throughout),"Module 5 (Lesson 5.1: ""I'll take care of both"")",'Implied throughout' is not a first use; the phrase first appears in Lesson 5.1.,
164,1,M06 Basic Workplace Vocabulary,6.5 Core Workplace Verbs and Professional Phrases,CE-L01-M06-L05,Reference codes and links,Module 5 (implied),New in this lesson,The phrase does not appear anywhere earlier in the book.,
165,1,M06 Basic Workplace Vocabulary,6.5 Core Workplace Verbs and Professional Phrases,CE-L01-M06-L05,Reference codes and links,Module 4/6 (implied),Module 6 (this lesson's dialogue),The phrase first appears in this lesson's dialogue.,
166,1,M06 Basic Workplace Vocabulary,6.5 Core Workplace Verbs and Professional Phrases,CE-L01-M06-L05,Reference codes and links,"""Got it."" Module 4","""Got it."" Module 2 (Lesson 2.3)","'Got it' is first used in Lesson 2.3, not Module 4.",
167,1,M06 Basic Workplace Vocabulary,6.5 Core Workplace Verbs and Professional Phrases,CE-L01-M06-L05,Bengali / Hindi support,"These phrases are not re-translated here — each was already glossed in the module where it first appeared, and repeating the translation would be redundant.","These are short, fixed phrases: learn each one as a whole, rather than translating it word by word.","The note claimed every phrase had been translated earlier, which was not true.",
168,1,M07 Foundations of Professional Tone,"7.1 Why Tone Matters: Same Message, Different Sound",CE-L01-M07-L01,Headings and structure,"Notice that #1 and #3 fail in opposite directions — #1 is too hard, #3 is too soft — while #4 and 5 both work. This module's whole job is teaching you to consistently land in the #4–#5 range without over-thinking every sentence.","Notice that #1 and #3 fail in opposite directions — #1 is too hard, #3 is too soft — while #4 and #5 both work. This module's whole job is teaching you to land consistently in the #4–#5 range without over-thinking every sentence.","A line starting with '#5' was turned into a page-sized heading during conversion, splitting the sentence in three.",
169,1,M07 Foundations of Professional Tone,"7.1 Why Tone Matters: Same Message, Different Sound",CE-L01-M07-L01,Audio availability labelling,Listen to (or read) each of the five versions above.,Read each of the five versions above aloud.,No audio recording exists yet.,
170,1,M07 Foundations of Professional Tone,"7.1 Why Tone Matters: Same Message, Different Sound",CE-L01-M07-L01,Audio availability labelling,Listen to (or read) each of the five versions of,Read each of the five versions of,No audio recording exists yet.,
171,1,M07 Foundations of Professional Tone,"7.1 Why Tone Matters: Same Message, Different Sound",CE-L01-M07-L01,Reference codes and links,(see Module 7 Lesson 2's request patterns),(see the request patterns in Lesson 7.2),Consistent lesson numbering.,
172,1,M07 Foundations of Professional Tone,7.2 Making Polite and Confident Requests,CE-L01-M07-L02,Reference codes and links,"Lesson 1's ""passive"" version","Lesson 7.1's ""passive"" version",Consistent lesson numbering ('Lesson 1' is ambiguous).,
173,1,M07 Foundations of Professional Tone,7.2 Making Polite and Confident Requests,CE-L01-M07-L02,Reference codes and links,(This is the same fix Lesson 1's Version 5 used,(This is the same fix Lesson 7.1's Version 5 used,Consistent lesson numbering.,
174,1,M07 Foundations of Professional Tone,7.2 Making Polite and Confident Requests,CE-L01-M07-L02,Production language / unfinished material,"What to listen/look for: Learner produces a grammatically correct request with both openers, correctly following ""Would you mind"" with a verb-ing form, and can explain in one sentence which felt more formal.","Sample: ""Could you lend me your stapler for a minute?"" / ""Would you mind lending me your stapler for a minute?"" The second is slightly more formal. Check: ""Would you mind"" is followed by an -ing form ( lending , not to lend ).",The key gave only marking notes about 'the learner'; it now has a sample answer and the key check.,
175,1,M07 Foundations of Professional Tone,7.3 Responding Professionally,CE-L01-M07-L03,Production language / unfinished material,What to listen/look for: Learner correctly identifies which response type each prompt calls for,"Sample: (agree) ""Sure, I can do that."" (decline) ""I'm not able to do it this afternoon, but I can do it first thing tomorrow."" (acknowledge) ""Thanks for letting me know."" Check: the speaker correctly identifies which response type each prompt calls for",The key gave only marking notes; a sample answer has been added.,
176,1,M07 Foundations of Professional Tone,"7.4 Tone, Hierarchy and Respect at Work",CE-L01-M07-L04,Story continuity,Good morning -- do you have a minute?,Good afternoon — do you have a minute?,"The scene is set 'late afternoon', but Arif said 'Good morning'.",
177,1,M07 Foundations of Professional Tone,"7.4 Tone, Hierarchy and Respect at Work",CE-L01-M07-L04,Reference codes and links,Module 7 Lesson 2's most casual opener,Lesson 7.2's most casual opener,Consistent lesson numbering.,
178,1,M07 Foundations of Professional Tone,"7.4 Tone, Hierarchy and Respect at Work",CE-L01-M07-L04,Production language / unfinished material,the learner is taught to choose the rung that matches the actual relationship,the skill is choosing the rung that matches the actual relationship,Production language ('the learner is taught').,
179,1,M07 Foundations of Professional Tone,"7.4 Tone, Hierarchy and Respect at Work",CE-L01-M07-L04,Headings and structure,"Full connected interaction — a rehearsal Arif (knocks, doorway) : Good morning — do you have a minute? Mr. Hossain: Of course, come in. Arif: I wanted to check if it would be alright to leave a little early today — I've finished the priority items, and I can pick up the rest first thing tomorrow. Mr. Hossain: That's fine. Before you go, can you send Priyanka the updated file? Arif: Sure, I can do…","Full connected interaction — a rehearsal Look again at the full conversation between Arif and Mr. Hossain in the Listen & Read section. Notice how it uses almost nothing new: the greeting (Module 3), the request (Lesson 7.2), the agreement and instruction-response (Lesson 7.3), all held together by one consistent, respectful, senior-appropriate tone.","The whole dialogue was printed a second time, word for word (with 'Good morning' in the late afternoon); the duplicate is replaced by a pointer, and lesson references are numbered consistently.",
180,1,M07 Foundations of Professional Tone,"7.4 Tone, Hierarchy and Respect at Work",CE-L01-M07-L04,Production language / unfinished material,"What to listen/look for: Learner completes all four stages (greeting, request, task-agreement with a clarifying check, closing) in one connected interaction, maintaining a consistent, senior-appropriate tone throughout -- neither over-familiar nor over-stiff.","Use the Listen & Read dialogue as the model. Check that all four stages are there (greeting, request, agreeing to the task with a clarifying check, closing) and that the tone stays consistent and senior-appropriate throughout — neither over-familiar nor over-stiff.","Marking notes addressed to 'the learner' rewritten for the reader, pointing to the model answer.",
181,all,all,1 units,global rule: L1-assessment-parts-and-scoring,Assessment instructions and scoring,pattern /<h2>Part A -- Listening comprehension</h2>.*?</table>/,"<h2>Part A — Reading: choose the best response (items 1–7)</h2>
<p>Read each short workplace situation and choose the most appropriate response. There is one item per module, in order. (Audio is not available yet, so this part is read, not heard.)</p>
<h2>Part B — Speaking (items 8–14)</h2>
<p>Respond aloud to each prompt, and record yourself if you can. There is no single correct wording: each response is scored with the criteria below, and a sample answer is given in the key so you can compare.</p>
<h2>Part C — Writing (items 15–18)</h2>
<p>Write a short response to each scenario. Most combine two modules' language, the same way real situations rarely stay inside one lesson.</p>
<h2>Scoring</h2>
<p><strong>Part A:</strong> 1 point for each correct answer (7 points).</p>
<p><strong>Parts B and C:</strong> score each item from 0 to 3 — one point for each criterion it meets. Only criteria that apply to that kind of task are used:</p>
<table>
<thead>
<tr><th>Criterion (1 point)</th><th>Part B — speaking</th><th>Part C — writing</th></tr>
</thead>
<tbody>
<tr><td>Task</td><td>Does exactly what the prompt asks (for example, names both options, states the purpose, restates the deadline).</td><td>Same.</td></tr>
<tr><td>Language</td><td>Uses the module's workplace phrases and vocabulary accurately.</td><td>Same, with correct grammar and spelling.</td></tr>
<tr><td>Tone and delivery</td><td>Register fits the listener; clear and easy to understand, without long hesitation or repeated apologies.</td><td>Register fits the reader; polite, clear and appropriately brief.</td></tr>
</tbody>
</table>
<p>Maximum: Part A 7 + Part B 21 + Part C 12 = <strong>40 points</strong>.</p>","The rubric applied the same weighted criteria to spoken and written tasks (pronunciation and 'delivery' cannot be scored in writing), referred to 'Module 2's pilot assessment', and never explained how to turn a score into a result. Part A was called 'listening' although it is read. Replaced with criteria that apply to each part and a points total. (1 replacements)",
182,1,—,Assessment Level 1 Assessment,CE-L01-ASSESSMENT,Assessment instructions and scoring,Nothing in Parts A-C is new.,"Pass mark: 28 of 40 (70%), with at least 4 of 7 in Part A. For any item where you scored 0 or 1, review the module named in the item before moving on to the capstone. Nothing in Parts A–C is new.",No pass mark or next step was given.,QA review of the reference PDF (assessments)
183,1,—,Assessment Level 1 Assessment,CE-L01-ASSESSMENT,Assessment instructions and scoring,Rewriting Assessment Modules 6 + 7 -- Write,Writing Assessment Modules 6 + 7 -- Write,"Item 18 asks for a new message, not a rewrite of a given text.",
184,1,—,Assessment Level 1 Assessment,CE-L01-ASSESSMENT,Assessment instructions and scoring,8. Open-ended -- check against the lesson's model language.,"8. Sample: ""Hi, I'm Nadia. I studied business, and I've worked in retail for two years. I'll be on the front-office team — really looking forward to working with you."" Task point: name, background or role, and a welcoming close. Score 0–3 using the Part B criteria.",Unfinished model answer replaced with a sample answer and the item's task requirement.,QA review of the reference PDF (assessments)
185,1,—,Assessment Level 1 Assessment,CE-L01-ASSESSMENT,Assessment instructions and scoring,9. Open-ended -- check against the lesson's model language.,"9. Sample: ""Good morning. I'm Nadia — I'm starting today. I'm here to see Mr. Hossain."" Task point: greeting, name, and purpose (PAT-0001). Score 0–3 using the Part B criteria.",Unfinished model answer replaced with a sample answer and the item's task requirement.,QA review of the reference PDF (assessments)
186,1,—,Assessment Level 1 Assessment,CE-L01-ASSESSMENT,Assessment instructions and scoring,10. Open-ended -- check against the lesson's model language.,"10. Sample: ""Pretty busy, actually — it's been non-stop since nine. How about you?"" Task point: a short answer plus a returned question. Score 0–3 using the Part B criteria.",Unfinished model answer replaced with a sample answer and the item's task requirement.,QA review of the reference PDF (assessments)
187,1,—,Assessment Level 1 Assessment,CE-L01-ASSESSMENT,Assessment instructions and scoring,11. Open-ended -- check against the lesson's model language.,"11. Sample: ""So, before I leave, I'll email the vendor the updated order and copy you on it."" Task point: the action, the object, the person to copy and the deadline (""before I leave"") are all restated. Score 0–3 using the Part B criteria.",Unfinished model answer replaced with a sample answer and the item's task requirement.,QA review of the reference PDF (assessments)
188,1,—,Assessment Level 1 Assessment,CE-L01-ASSESSMENT,Assessment instructions and scoring,12. Open-ended -- check against the lesson's model language.,"12. Sample: ""Just to check — do you mean the numbers in this week's sales report, or the figures in the client invoice?"" Task point: names the specific options instead of ""What do you mean?"" (MIS-0010). Score 0–3 using the Part B criteria.",Unfinished model answer replaced with a sample answer and the item's task requirement.,QA review of the reference PDF (assessments)
189,1,—,Assessment Level 1 Assessment,CE-L01-ASSESSMENT,Assessment instructions and scoring,13. Open-ended -- check against the lesson's model language.,"13. Sample: ""The client report is in progress — the invoice section is still pending, and I'll submit it by Thursday."" Task point: at least one status word used correctly. Score 0–3 using the Part B criteria.",Unfinished model answer replaced with a sample answer and the item's task requirement.,QA review of the reference PDF (assessments)
190,1,—,Assessment Level 1 Assessment,CE-L01-ASSESSMENT,Assessment instructions and scoring,14. Open-ended -- check against the lesson's model language.,"14. Sample: ""Could you send me the updated rota before 5 today? I need it to plan tomorrow's shifts."" Task point: a softened request with a time and a reason. Score 0–3 using the Part B criteria.",Unfinished model answer replaced with a sample answer and the item's task requirement.,QA review of the reference PDF (assessments)
191,1,—,Assessment Level 1 Assessment,CE-L01-ASSESSMENT,Assessment instructions and scoring,"What to listen/look for: Acknowledges the misunderstanding, corrects it plainly,","Sample: ""I think my comment this morning came out wrong — I didn't mean it as a criticism at all. I only meant the queue was long. Thanks for telling me."" Score 0–3 (Part C criteria). Task point: acknowledges the misunderstanding, corrects it plainly,",Sample answer added; marking note kept as the task requirement.,
192,1,—,Assessment Level 1 Assessment,CE-L01-ASSESSMENT,Assessment instructions and scoring,What to listen/look for: Restates the instruction accurately before asking a targeted,"Sample: ""Just to confirm — you'd like the full inventory report by 3 PM today? Could you tell me which section is most urgent, so I can finish that first?"" Score 0–3 (Part C criteria). Task point: restates the instruction accurately before asking a targeted",Sample answer added.,
193,1,—,Assessment Level 1 Assessment,CE-L01-ASSESSMENT,Assessment instructions and scoring,What to listen/look for: Adapts the three-part self-introduction to a group setting,"Sample: ""Hi everyone, nice to meet you all. I'm Nadia — I studied business and I've worked in retail for two years. I'll be on the front desk with you, and I'm really looking forward to working with you all."" Score 0–3 (Part C criteria). Task point: adapts the three-part self-introduction to a group setting",Sample answer added.,
194,1,—,Assessment Level 1 Assessment,CE-L01-ASSESSMENT,Assessment instructions and scoring,"What to listen/look for: Uses a softened request pattern, states the reason briefly,","Sample: ""Hi Mr. Hossain, the monthly report is in progress — I've finished the sales section, but the expense figures are still pending from Accounts. Would it be possible to have one extra day, until Thursday, to finish it? Thanks, Nadia."" Score 0–3 (Part C criteria). Task point: uses a softened request pattern, states the reason briefly,",Sample answer added.,
195,1,—,Capstone Your First Weeks at Work,CE-L01-CAPSTONE,Story continuity,Your First Week at Work,Your First Weeks at Work,"Level 1 covers Arif's first weeks in the job (the capstone is set 'several weeks into the job'), but he said he had been there 'about eight months' and the title promised a single first week.",
196,1,—,Capstone Your First Weeks at Work,CE-L01-CAPSTONE,Story continuity,under the same conditions a real first week gives you,under the same conditions your first weeks in a job give you,"Level 1 covers Arif's first weeks in the job (the capstone is set 'several weeks into the job'), but he said he had been there 'about eight months' and the title promised a single first week.",
197,1,—,Capstone Your First Weeks at Work,CE-L01-CAPSTONE,Story continuity,"The Accounts corner, a few minutes later. Priyanka is showing a new hire, Meghla, around.","The back office, a few minutes later. Priyanka is showing a new hire, Meghla, around.",Priyanka is Arif's front-office colleague; the scene is in the front-office back room.,
198,1,—,Capstone Your First Weeks at Work,CE-L01-CAPSTONE,Story continuity,"Meghla, this is Arif -- he handles a lot of the coordination between our floor and Operations.","Meghla, this is Arif — he's on the front desk with me.","'Operations' contradicted Arif's front-office role (Lessons 1.3–1.5, 2.2).",
199,1,—,Capstone Your First Weeks at Work,CE-L01-CAPSTONE,Story continuity,"I'm Arif -- I've been here about eight months now, mostly on the operations side. Let me know if you ever need help finding your way around.","I'm Arif — I joined the front-office team a few weeks ago, so I still remember how confusing the first days are. Let me know if you ever need help finding your way around.","Level 1 covers Arif's first weeks in the job (the capstone is set 'several weeks into the job'), but he said he had been there 'about eight months' and the title promised a single first week.",
200,1,—,Capstone Your First Weeks at Work,CE-L01-CAPSTONE,Story continuity,"Arif, before lunch, can you pull last week's client feedback forms and send Priyanka the summary? She needs it before the 3 PM review.","Arif, can you pull last week's client feedback forms and send Priyanka a summary? She needs it before the 3 PM review.",The instruction gave two different deadlines ('before lunch' and 'before the 3 PM review'); Arif's restatement and every later step use 3 PM.,
201,1,—,Capstone Your First Weeks at Work,CE-L01-CAPSTONE,Grammar / usage explanation,and Priyanka's confirmed she has what she needs for the 3 PM review.,and Priyanka confirmed she had what she needed for the 3 PM review.,"At 5:40 PM the 3 PM review is over, so the present tense was wrong.",
202,1,—,Capstone Your First Weeks at Work,CE-L01-CAPSTONE,Assessment instructions and scoring,"It's the same rubric Module 2's assessment introduced -- the capstone deliberately reuses it, so nothing about the scoring format is new on the day that matters most.","Every row applies here, because the capstone is one continuous spoken role-play.",The rubric was said to come from a 'Module 2 assessment' that does not exist.,
203,1,—,Capstone Your First Weeks at Work,CE-L01-CAPSTONE,Assessment instructions and scoring,"How to use it: this is graded holistically, not step-by-step.","How to score it: give each row a mark from 0 to 4 (0 = not shown, 1 = rarely, 2 = sometimes, 3 = mostly, 4 = consistently). Multiply by the row's weight and divide by 4 — for example, 3 for Clarity gives 15 × 3 ÷ 4 ≈ 11 points. Add the rows for a total out of 100. 70 or more: Level 1 complete. Below 70: repeat the steps that use the modules behind your lowest rows, then perform the whole day agai…","The rubric gave weights but no scale, no method for combining them, and no completion threshold.",QA review of the reference PDF (assessments)
204,1,—,Capstone Your First Weeks at Work,CE-L01-CAPSTONE,Production language / unfinished material,A learner who handles Step 8,Someone who handles Step 8,Meta wording ('a learner') in reader-facing guidance.,
205,1,—,Capstone Your First Weeks at Work,CE-L01-CAPSTONE,Story continuity,"Level 1 capstone task. Perform all nine steps of ""Your First Week at Work""","Level 1 capstone task. Perform all nine steps of ""Your First Weeks at Work""","Level 1 covers Arif's first weeks in the job (the capstone is set 'several weeks into the job'), but he said he had been there 'about eight months' and the title promised a single first week.",
206,1,—,Capstone Your First Weeks at Work,CE-L01-CAPSTONE,Assessment instructions and scoring,"What to listen/look for: Completes all nine steps in order,","Score with the self-assessment rubric above. A strong performance completes all nine steps in order,",Marking note rewritten for the reader and tied to the rubric.,
207,1,—,Capstone Your First Weeks at Work,CE-L01-CAPSTONE,Assessment instructions and scoring,"Scored holistically against the capstone's rubric, not step-by-step.",(removed),Replaced by the explicit scoring method in the rubric section.,
208,all,all,4 units,global rule: restore-lost-blanks,Exercise and answer key alignment,pattern /<strong><em>(.*?)</em></strong>/,___\1___,"Paired '___' blanks in fill-in scaffolds were converted to bold-italic markup, so the blanks disappeared and the sentence ran together (e.g. ""I'm responsible for . I report to .""). (5 replacements)",
209,all,all,58 units,global rule: remove-theme-tags,Production language / unfinished material,pattern /\s*·\s*theme:[^<]*/,,Internal content-planning tag ('theme: …') printed after the motivation quote. (58 replacements),
210,all,all,10 units,global rule: industry-label-case,Typography and consistency,pattern /<li><strong>(hotel|healthcare|banking|retail):</strong>/,(computed),Industry labels were inconsistently lower-case ('hotel:' beside 'Hotel:'). (37 replacements),
211,all,all,9 units,global rule: industry-label-it,Typography and consistency,pattern /<li><strong>it:</strong>/,<li><strong>IT:</strong>,'it:' reads as the pronoun; the industry is IT. (9 replacements),
212,all,all,212 units,global rule: dash-to-em-dash,Typography and consistency,pattern /\s+--\s+|\s+--(?=\S)|(?<=\S)--\s+/, — ,"Typewriter double hyphens replaced with a spaced em dash, the style already used elsewhere in the book. (4252 replacements)",
213,all,all,5 units,global rule: arrow,Typography and consistency,pattern /\s*->\s*/, → ,ASCII arrows ('->') replaced with the arrow character already used elsewhere in the book. (16 replacements),
214,all,all,13 units,global rule: remove-internal-scene-slugs,Production language / unfinished material,"pattern /<div class=""dialogue-scene-label"">[a-z0-9]+(?:-[a-z0-9]+)*</div>\s*/",,"Internal scene identifiers (e.g. 'step-3', '02-request', 'senior-executive-email') were printed as scene titles. (75 replacements)",
