No,Industry/Sector,Classification,Overlay or core,Lessons (units with any match),Lessons outside overlay sections,Labelled overlay items,Occurrences (search hits),Levels,Modules,Lesson numbers,Lesson titles,Workplace situations,Example occupations/roles,Vocabulary relevance,Dialogue/role-play relevance,Exercise relevance,Evidence excerpts,Source/location,Search terms,Notes
1,Hospitality,DEDICATED,Core setting,171,160,58,1601,"1, 2, 3, 4, 5","50 modules across levels L1, L2, L3, L4, L5",L1 1.1; L1 1.2; L1 1.3; L1 1.4; L1 1.5; L1 2.1; L1 2.2; L1 2.3; L1 2.4; L1 2.5; L1 3.1; L1 3.2; L1 3.3; L1 4.2; L1 4.3; L1 4.4; L1 5.1; L1 6.1; L1 6.2; L1 6.3; L1 6.4; L1 6.5; L1 7.3; L1 Assessment; L1 Capstone; L2 1.1; L2 1.2; L2 1.3; L2 1.4; L2 2.1; L2 2.2; L2 2.4; L2 2.5; L2 3.1; L2 3.3; L2 3.4; L2 3.5; L2 4.4; L2 4.5; L2 5.1; L2 5.3; L2 5.4; L2 6.3; L2 7.1; L2 7.2; L2 7.3; L2 7.4; L2 7.5; L2 8.1; L2 8.2; L2 8.3; L2 8.4; L2 Assessment; L2 Capstone; L3 1.1; L3 1.2; L3 1.3; L3 1.4; L3 1.5; L3 1.6; L3 2.1; L3 2.2; L3 2.3; L3 2.4; L3 2.5; L3 3.1; L3 3.2; L3 3.3; L3 3.4; L3 3.5; L3 3.6; L3 4.1; L3 4.2; L3 4.3; L3 4.4; L3 4.5; L3 5.1; L3 5.2; L3 5.3; L3 5.4; L3 5.5; L3 6.1; L3 6.2; L3 6.3; L3 6.5; L3 7.3; L3 7.4; L3 7.5; L3 7.6; L3 8.1; L3 8.2; L3 8.4; L3 9.1; L3 9.2; L3 9.3; L3 9.4; L3 Assessment; L3 Capstone; L4 1.1; L4 1.2; L4 1.3; L4 1.4; L4 1.5; L4 2.1; L4 2.2; L4 2.4; L4 2.6; L4 3.1; L4 3.2; L4 3.4; L4 4.1; L4 4.2; L4 4.3; L4 4.4; L4 5.1; L4 5.2; L4 5.3; L4 5.4; L4 6.1; L4 6.2; L4 6.3; L4 6.4; L4 6.5; L4 7.1; L4 7.2; L4 7.3; L4 7.4; L4 8.1; L4 8.2; L4 8.3; L4 8.4; L4 8.5; L4 Assessment; L4 Capstone; L5 1.1; L5 1.2; L5 1.3; L5 1.4; L5 2.1; L5 2.2; L5 2.3; L5 2.4; L5 2.5; L5 3.1; L5 3.2; L5 3.3; L5 3.4; L5 4.1; L5 4.2; L5 4.4; L5 4.5; L5 5.1; L5 5.3; L5 5.4; L5 5.5; L5 6.1; L5 6.2; L5 6.3; L5 6.4; L5 7.1; L5 7.2; L5 7.3; L5 7.4; L5 7.5; L5 7.6; L5 8.1; L5 8.2; L5 8.3; L5 8.4; L5 Assessment; L5 Capstone,"Understanding What ""Professional"" Means at Work; Talking About Your Background and Experience; Introducing Yourself Professionally; Talking About Your Job Role and Responsibilities; Building Basic Workplace Confidence; Arriving and Greeting on Day One; Meeting Your Supervisor and Team; Receiving Instructions and Understanding Routines; Finding Your Way and Asking Where Things Are; Ending Your First Day Professionally; … (+161 more)","The whole book follows Arif, a front-office employee at a hotel, from orientation (L1) to leading the team (L5); all five capstones are set in the hotel",Front-office agent; front-office manager (Ms. Fatima Noor); General Manager (Dr. Rahman); housekeeping (Rupa); events; guests,1 hits in vocabulary sections,7 hits in dialogues/scenarios,1 hits in exercises; 3 in answer keys,"""Arif: I studied hospitality management, and I worked at a small hotel for about a year before this"" (CE-L01-M01-L05, PDF p. 37) | ""Arif is standing outside the hotel's staff entrance"" (CE-L01-M02-L01, PDF p. 43)",book-data.json (rendered unchanged in Career-English-Master.pdf); page = unit start page,\bhospitality\b,"Combined hotel/hospitality vocabulary (hotel, guest, front desk, housekeeping, check-in, room service, banquet, F&B, reservations, concierge) appears in 171 of 196 units, 160 of them outside the overlay sections, and in the dialogues/scenarios of at least 119 units. The word 'hospitality' itself is rare (38 hits); the setting is carried by 'hotel', 'guest' and 'front desk'."
2,Hotels,DEDICATED,Core setting,84,57,0,182,"1, 2, 3, 4, 5","29 modules across levels L1, L2, L3, L4, L5",L1 1.1; L1 1.2; L1 1.3; L1 1.4; L1 1.5; L1 2.1; L1 2.2; L1 2.3; L1 2.4; L1 2.5; L1 3.3; L1 4.2; L1 4.3; L1 4.4; L1 5.1; L1 6.1; L1 6.2; L1 6.3; L1 6.4; L1 6.5; L2 3.5; L2 7.1; L2 7.2; L2 7.3; L2 7.4; L2 8.2; L2 8.3; L3 1.1; L3 1.4; L3 1.6; L3 4.2; L3 5.1; L3 5.2; L3 5.3; L3 5.5; L3 6.1; L3 6.3; L3 6.5; L3 7.4; L3 9.1; L3 9.2; L3 9.3; L4 1.1; L4 1.2; L4 1.3; L4 1.4; L4 1.5; L4 2.1; L4 3.1; L4 3.2; L4 4.1; L4 4.2; L4 4.3; L4 4.4; L4 5.1; L4 5.2; L4 5.3; L4 5.4; L4 6.1; L4 6.2; L4 6.3; L4 6.4; L4 6.5; L4 7.1; L4 7.2; L4 7.4; L4 8.1; L4 8.2; L4 8.3; L4 8.4; L4 8.5; L4 Capstone; L5 4.1; L5 4.2; L5 5.1; L5 5.4; L5 6.1; L5 6.2; L5 6.3; L5 6.4; L5 7.1; L5 7.3; L5 7.6; L5 8.3,"Understanding What ""Professional"" Means at Work; Talking About Your Background and Experience; Introducing Yourself Professionally; Talking About Your Job Role and Responsibilities; Building Basic Workplace Confidence; Arriving and Greeting on Day One; Meeting Your Supervisor and Team; Receiving Instructions and Understanding Routines; Finding Your Way and Asking Where Things Are; Ending Your First Day Professionally; … (+74 more)","Hotel operations: arrivals, guest requests, complaints, reports, meetings, vendor contracts, system outage, change management",Hotel staff at every level,4 hits in vocabulary sections,28 hits in dialogues/scenarios,7 hits in exercises; 8 in answer keys,"""the hotel's property management system — the software that runs every reservation, room assignment, and check-in — freezes"" (CE-L04-M06-L01, PDF p. 752)",book-data.json (rendered unchanged in Career-English-Master.pdf); page = unit start page,\bhotels?\b|\bresorts?\b,"See Hospitality. 'hotel' is also the most frequent overlay label after IT, Banking and Retail."
3,Front Office,DEDICATED,Core setting,128,125,0,699,"1, 2, 3, 4, 5","47 modules across levels L1, L2, L3, L4, L5",L1 1.2; L1 1.3; L1 1.4; L1 1.5; L1 2.1; L1 2.2; L1 2.3; L1 2.4; L1 3.1; L1 4.3; L1 4.4; L1 6.1; L1 6.2; L1 7.3; L1 Assessment; L1 Capstone; L2 1.1; L2 1.2; L2 1.4; L2 2.1; L2 2.2; L2 2.4; L2 2.5; L2 3.1; L2 3.4; L2 3.5; L2 4.4; L2 5.4; L2 7.1; L2 7.2; L2 7.4; L2 7.5; L2 8.3; L2 8.4; L2 Assessment; L2 Capstone; L3 1.1; L3 1.2; L3 1.3; L3 1.4; L3 1.5; L3 1.6; L3 2.1; L3 2.2; L3 2.5; L3 3.1; L3 3.2; L3 3.3; L3 3.4; L3 3.5; L3 3.6; L3 4.1; L3 4.2; L3 4.3; L3 4.5; L3 5.1; L3 5.4; L3 5.5; L3 6.1; L3 7.4; L3 7.6; L3 8.1; L3 8.2; L3 9.1; L3 9.2; L3 9.3; L3 9.4; L3 Assessment; L3 Capstone; L4 2.1; L4 3.1; L4 3.2; L4 3.4; L4 4.2; L4 4.3; L4 4.4; L4 5.1; L4 5.2; L4 5.4; L4 6.1; L4 6.3; L4 6.4; L4 6.5; L4 7.1; L4 7.2; L4 7.3; L4 7.4; L4 8.1; L4 8.2; L4 8.3; L4 8.5; L4 Assessment; L4 Capstone; L5 1.1; L5 1.2; L5 1.3; L5 1.4; L5 2.1; L5 2.2; L5 2.5; L5 3.1; L5 3.2; L5 3.3; L5 3.4; L5 4.1; L5 4.2; L5 4.4; L5 4.5; L5 5.1; L5 5.3; L5 5.4; L5 5.5; L5 6.1; L5 6.2; L5 6.3; L5 6.4; L5 7.1; L5 7.2; L5 7.3; L5 7.4; L5 7.5; L5 7.6; L5 8.1; L5 8.2; L5 8.3; L5 8.4; L5 Assessment; L5 Capstone,"Talking About Your Background and Experience; Introducing Yourself Professionally; Talking About Your Job Role and Responsibilities; Building Basic Workplace Confidence; Arriving and Greeting on Day One; Meeting Your Supervisor and Team; Receiving Instructions and Understanding Routines; Finding Your Way and Asking Where Things Are; Formal and Informal Greetings; Understanding Priorities, Sequence and Deadlines; … (+118 more)","Front desk check-in/check-out, phone answering, guest questions, complaint handling, shift handover, online check-in rollout, kiosk pilot",Front-desk agent; front-office manager; front-office team,48 hits in vocabulary sections,225 hits in dialogues/scenarios,50 hits in exercises; 88 in answer keys,"""Arif: Good afternoon, Front Desk, this is Arif speaking"" (CE-L02-M03-L05, PDF p. 232) | ""Purpose: Agree on a rollout plan for the new online check-in process"" (CE-L03-M03-L06, PDF p. 432)",book-data.json (rendered unchanged in Career-English-Master.pdf); page = unit start page,\bfront[- ]office\b|\bfront desk\b|\breceptionists?\b|\bconcierge\b|\bkeycards?\b|\bcheck-?ins?\b|\bcheck-?outs?\b|\bcheckout\b,"The protagonist's own department. Present in 128 units (125 outside overlays), all levels."
4,Housekeeping,SUBSTANTIAL,Core (hotel department),50,46,0,217,"1, 2, 3, 4, 5","26 modules across levels L1, L2, L3, L4, L5",L1 1.3; L1 1.4; L1 1.5; L1 6.1; L1 6.2; L1 6.4; L2 1.1; L2 1.2; L2 1.3; L2 1.4; L2 2.4; L2 2.5; L2 3.1; L2 3.2; L2 3.4; L2 4.4; L2 5.4; L2 7.4; L2 7.5; L2 8.4; L2 Assessment; L2 Capstone; L3 1.2; L3 1.3; L3 2.2; L3 2.3; L3 2.4; L3 7.2; L3 7.3; L3 8.2; L3 9.4; L3 Assessment; L4 1.1; L4 1.2; L4 1.4; L4 1.5; L4 4.2; L4 4.3; L4 4.4; L4 6.1; L4 6.4; L4 8.1; L4 8.2; L4 8.3; L4 Capstone; L5 1.2; L5 3.1; L5 6.1; L5 6.2; L5 7.2,"Introducing Yourself Professionally; Talking About Your Job Role and Responsibilities; Building Basic Workplace Confidence; People, Roles and Departments; Places, Tools and Documents at Work; Tasks, Responsibility and Priority; Giving a Clear Status Update; Reporting Problems and Delays; Matching Update Detail to Your Audience; The Standup Habit; … (+40 more)","Extra towels, storeroom and linen inventory, room readiness, linen supplier contract (L4 M1, L4 M8, L4 capstone)",Housekeeping colleague (Rupa); linen supplier account manager,14 hits in vocabulary sections,72 hits in dialogues/scenarios,10 hits in exercises; 36 in answer keys,"""A guest at the front desk asks Arif if housekeeping can send extra towels"" (CE-L02-M02-L04, PDF p. 207) | ""The hotel's linen supplier, Bengal Textile Supplies, is raising prices for the new contract year"" (CE-L04-M01-L01, PDF p. 617)",book-data.json (rendered unchanged in Career-English-Master.pdf); page = unit start page,\bhousekeep\w*|\broom attendants?\b|\blinen\b|\blaundry\b|\btowels?\b,A recurring partner department of the front office (46 units outside overlays); not taught as housekeeping-job English.
5,Food & Beverage / Restaurants,SUBSTANTIAL,Core (hotel department),18,16,0,49,"1, 2, 3, 4, 5",L1 M3; L1 M6; L2 M7; L3 M2; L3 M5; L3 M6; L3 capstone; L4 M6; L4 M8; L5 M5; L5 M6,L1 3.3; L1 6.1; L2 7.2; L2 7.4; L3 2.1; L3 2.3; L3 2.4; L3 5.4; L3 5.5; L3 6.2; L3 6.3; L3 Capstone; L4 6.4; L4 6.5; L4 8.4; L5 5.3; L5 5.5; L5 6.4,"Safe and Unsafe Small-Talk Topics; People, Roles and Departments; Answering Simple Customer Questions Clearly; Handling a Simple Complaint (Non-Escalated); The Facts → Evidence → Analysis → Action → Recommendation Framework; Incident and Complaint Reports; Performance and Operational Reports; Escalating a Complaint Internally; Service Recovery: Turning a Bad Experience Around; Understanding Client Needs Through Questions; … (+8 more)",Explaining 'F&B' to a guest; room-service report; restaurant allergy incident report; conference packages with catering; banquet supplier failure,Room-service staff; restaurant server; banquet/events team,1 hits in vocabulary sections,12 hits in dialogues/scenarios,2 hits in exercises; 12 in answer keys,"""A guest asks Arif whether the room rate includes ""F&B."""" (CE-L02-M07-L02, PDF p. 297) | ""The incident occurred at approximately 7:20 PM in the restaurant"" (CE-L03-M02-L03, PDF p. 393)",book-data.json (rendered unchanged in Career-English-Master.pdf); page = unit start page,\bfood (?:and|&) beverage\b|\bF&B\b|\brestaurants?\b|\bbanquets?\b|\bwait(?:er|ers|ress)\b|\bcatering\b|\bdining\b|\bcaf[eé]s?\b|\bmenus?\b|\broom service\b,"Hotel F&B as a department seen from the front office, in about 16 units. There is no restaurant-industry lesson and no waiter/server role; one overlay labelled 'Restaurant' (L5 5.3)."
6,Kitchen / Culinary,INCIDENTAL MENTION,Core (passing),8,6,0,18,"2, 3, 4, 5",L2 M7; L3 M2; L4 M6; L5 M2; L5 M3; L5 M4; L5 M8,L2 7.4; L3 2.1; L3 2.3; L4 6.2; L5 2.1; L5 3.4; L5 4.1; L5 8.4,"Handling a Simple Complaint (Non-Escalated); The Facts → Evidence → Analysis → Action → Recommendation Framework; Incident and Complaint Reports; Delivering Bad News; Giving Ongoing, Everyday Feedback; Knowing When to Coach and When to Just Tell Them; Communicating the ""Why"" Behind a Strategy; Putting It All Together: A Week as a Leader","Kitchen delays, pastry chef off sick, kitchen prep time",Pastry chef (mentioned),1 hits in vocabulary sections,3 hits in dialogues/scenarios,1 hits in exercises; 5 in answer keys,"""our pastry chef is off sick"" (CE-L04-M06-L02, PDF p. 757)",book-data.json (rendered unchanged in Career-English-Master.pdf); page = unit start page,\bkitchens?\b|\bchefs?\b|\bculinary\b|\bcooks?\b|\bcooking\b,Kitchen appears only as the cause or context of a front-office problem.
7,Tourism,LIMITED OVERLAY,Overlay,5,2,3,8,"1, 3, 5",L1 M1; L3 M6; L3 M7; L3 M9; L5 M5,L1 1.2; L3 6.3; L3 7.5; L3 9.4; L5 5.4,"Talking About Your Background and Experience; Presenting a Solution to a Client; Relative Clauses, Gerunds, and Infinitives for Fluent Writing; Level 3 Synthesis: A Full Professional Week; Keeping a Meeting Focused and On Time",Travel consultant tailoring a holiday; tour overbooking,Travel consultant,1 hits in vocabulary sections,1 hits in dialogues/scenarios,0 hits in exercises; 0 in answer keys,"""Tourism (travel consultant): ""Since you mentioned wanting a relaxed pace over sightseeing..."""" (CE-L03-M06-L03, PDF p. 500) | ""My degree is in tourism management, which is useful for this role."" (CE-L01-M01-L02, PDF p. 19)",book-data.json (rendered unchanged in Career-English-Master.pdf); page = unit start page,\btouris(?:m|ts?)\b|\btour operators?\b|\bsightseeing\b|\btravel consultants?\b|\bitinerar(?:y|ies)\b|\btravel agen\w+,"3 labelled overlay items (L3 6.3, L3 7.5, L5 5.4) and one vocabulary example sentence."
8,Travel,INCIDENTAL MENTION,Core (guest context),17,15,0,27,"2, 3, 4, 5",L2 M5; L2 M7; L2 M8; L3 M1; L3 M2; L3 M5; L3 M6; L3 M7; L3 M8; L3 M9; L4 M2; L4 M5; L5 M2; L5 M8,L2 5.4; L2 7.2; L2 8.3; L3 1.4; L3 2.2; L3 5.4; L3 6.1; L3 6.3; L3 7.4; L3 7.5; L3 8.2; L3 9.1; L4 2.4; L4 5.4; L5 2.1; L5 8.3; L5 8.4,"Apologizing on Behalf of the Team; Answering Simple Customer Questions Clearly; Hierarchy, Titles, and Respectful Address; Apologizing and Responding to a Complaint; Daily and Weekly Reports; Escalating a Complaint Internally; Welcoming a Client and Building Rapport; Presenting a Solution to a Client; Articles, Prepositions, and Subject-Verb Agreement in Practice; Relative Clauses, Gerunds, and Infinitives for Fluent Writing; … (+7 more)","Guests' flights, airport pickups, lost passport",—,1 hits in vocabulary sections,2 hits in dialogues/scenarios,2 hits in exercises; 10 in answer keys,"""The guest who lost her passport has been given a temporary letter."" (CE-L03-M07-L05, PDF p. 536)",book-data.json (rendered unchanged in Career-English-Master.pdf); page = unit start page,\btravel\w*\b|\bflights?\b|\bairports?\b|\bvisas?\b|\bpassports?\b,Travel appears only as hotel guests' circumstances.
9,Airlines / Aviation,INCIDENTAL MENTION,Core (guest context),9,9,0,16,"2, 3, 4, 5",L2 M5; L3 M1; L3 M2; L3 M6; L3 M7; L3 M8; L4 M2; L4 M5; L5 M2,L2 5.4; L3 1.4; L3 2.2; L3 6.1; L3 7.4; L3 8.2; L4 2.4; L4 5.4; L5 2.1,"Apologizing on Behalf of the Team; Apologizing and Responding to a Complaint; Daily and Weekly Reports; Welcoming a Client and Building Rapport; Articles, Prepositions, and Subject-Verb Agreement in Practice; Intonation and Rhythm in Professional Speech; Admitting and Reporting a Serious Mistake; Storytelling and Persuasive Structure in Presentations; Giving Ongoing, Everyday Feedback",Airport pickups booked by the hotel; a guest late for a flight,—,0 hits in vocabulary sections,1 hits in dialogues/scenarios,2 hits in exercises; 8 in answer keys,"""a missed wake-up call that made them late for a flight"" (CE-L03-M01-L04, PDF p. 365)",book-data.json (rendered unchanged in Career-English-Master.pdf); page = unit start page,\bairlines?\b|\baviation\b|\baircraft\b|\bcabin crew\b|\bflight attendants?\b|\bairports?\b|\bflights?\b|\bboarding (?:pass|gate)\b,"No airline, airport or cabin-crew workplace, role or scenario. All 16 hits are hotel-guest context."
10,Cruise / Maritime hospitality,NOT FOUND,—,0,0,0,0,—,,—,—,—,—,0 hits in vocabulary sections,0 hits in dialogues/scenarios,0 hits in exercises; 0 in answer keys,—,book-data.json (rendered unchanged in Career-English-Master.pdf); page = unit start page,\bcruises?\b|\bcruise ships?\b|\bmaritime\b|\bvessels?\b|\bshipboard\b,Raw 'ship' hits were the verb ('ship the patch').
11,Healthcare,REPEATED OVERLAY,Overlay,54,10,47,105,"1, 2, 3, 4, 5","26 modules across levels L1, L2, L3, L4, L5",L1 1.1; L1 1.2; L1 1.3; L1 1.4; L1 1.5; L1 2.1; L1 2.2; L1 2.3; L1 2.4; L1 2.5; L1 3.3; L1 5.1; L1 5.3; L1 6.1; L1 6.2; L1 6.3; L2 2.4; L2 3.1; L2 3.2; L2 3.5; L2 5.1; L2 8.2; L3 1.2; L3 1.4; L3 2.1; L3 2.3; L3 3.1; L3 3.3; L3 3.4; L3 3.5; L3 4.1; L3 4.5; L3 5.1; L3 5.4; L3 7.2; L4 1.1; L4 2.2; L4 2.3; L4 2.4; L4 2.5; L4 3.1; L4 3.3; L4 3.4; L4 4.4; L4 5.1; L4 5.3; L4 5.4; L4 6.2; L4 Assessment; L4 Capstone; L5 5.1; L5 5.4; L5 6.3; L5 8.3,"Understanding What ""Professional"" Means at Work; Talking About Your Background and Experience; Introducing Yourself Professionally; Talking About Your Job Role and Responsibilities; Building Basic Workplace Confidence; Arriving and Greeting on Day One; Meeting Your Supervisor and Team; Receiving Instructions and Understanding Routines; Finding Your Way and Asking Where Things Are; Ending Your First Day Professionally; … (+44 more)","Patient confidentiality, clinic reception calls, scheduling no-shows, insurance claim emails",Ward assistant; nurse manager; scheduling coordinator; hospital administrator; department head,0 hits in vocabulary sections,1 hits in dialogues/scenarios,0 hits in exercises; 6 in answer keys,"""Healthcare: Being professional here includes keeping patient information confidential"" (CE-L01-M01-L01, PDF p. 13) | ""Healthcare admin (department head to a hospital administrator)"" (CE-L04-M05-L01, PDF p. 728)",book-data.json (rendered unchanged in Career-English-Master.pdf); page = unit start page,\bhealth ?care\b|\bpatients?\b|\bmedical\b|\bclinical\b|\bclinics?\b|\bdoctors?\b|\bward\b|\bhospitals?\b|\bnurs(?:e|es|ing)\b,"47 labelled overlay items in 47 units across all levels; outside overlays only passing sample answers (e.g. 'Green Valley Clinic reception', L2 3.1 answer key). No healthcare dialogue, character or lesson."
12,Healthcare administration,REPEATED OVERLAY,Overlay,31,0,0,33,"1, 2, 3, 4, 5",L1 M1; L2 M2; L2 M3; L2 M5; L2 M8; L3 M1; L3 M2; L3 M3; L3 M4; L3 M5; L3 M7; L4 M2; L4 M3; L4 M4; L4 M5; L5 M5; L5 M6,L1 1.4; L2 2.4; L2 3.2; L2 5.1; L2 8.2; L3 1.2; L3 1.4; L3 2.1; L3 2.3; L3 3.1; L3 3.3; L3 3.4; L3 3.5; L3 4.1; L3 4.5; L3 5.1; L3 5.4; L3 7.2; L4 2.2; L4 2.3; L4 2.4; L4 2.5; L4 3.1; L4 3.3; L4 3.4; L4 4.4; L4 5.1; L4 5.4; L5 5.1; L5 5.4; L5 6.3,Talking About Your Job Role and Responsibilities; Relaying a Request Between People; Taking a Message Accurately; A Real Apology vs. a Weak One; Digital Etiquette and Confidentiality Basics; Making Requests and Sharing Information; Apologizing and Responding to a Complaint; The Facts → Evidence → Analysis → Action → Recommendation Framework; Incident and Complaint Reports; Before a Meeting: Invitations and Agendas; … (+21 more),"Appointment scheduling, insurance claims, intake forms, scheduling-system change",Scheduling coordinator; department head; hospital administrator,0 hits in vocabulary sections,0 hits in dialogues/scenarios,0 hits in exercises; 0 in answer keys,"""Healthcare admin: ""I sincerely apologize for the confusion with your insurance claim."""" (CE-L03-M01-L04, PDF p. 365)",book-data.json (rendered unchanged in Career-English-Master.pdf); page = unit start page,\bhealth ?care admin\w*|\bhospital administrat\w+|\bscheduling coordinator\b|\bmedical records?\b|\bpatient (?:scheduling|records?|appointments?)\b,"Most healthcare overlays are administrative (31 units), not clinical."
13,Hospitals,LIMITED OVERLAY,Overlay,5,0,0,6,"1, 4",L1 M5; L1 M6; L4 M3; L4 M5,L1 5.3; L1 6.1; L1 6.2; L4 3.1; L4 5.1,"Asking Colleagues vs. Asking Supervisors; People, Roles and Departments; Places, Tools and Documents at Work; The Anatomy of a Persuasive Argument; Presenting to a Senior or Executive Audience",Hospital hierarchy; ward vocabulary,Ward assistant; hospital administrator,0 hits in vocabulary sections,0 hits in dialogues/scenarios,0 hits in exercises; 0 in answer keys,"""Hospital/clinic: ward assistant, nursing staff, admissions, billing."" (CE-L01-M06-L01, PDF p. 118)",book-data.json (rendered unchanged in Career-English-Master.pdf); page = unit start page,\bhospitals?\b,"5 units, all overlays."
14,Nursing,LIMITED OVERLAY,Overlay,4,1,0,4,1,L1 M1; L1 M5; L1 M6,L1 1.3; L1 1.5; L1 5.1; L1 6.1,"Introducing Yourself Professionally; Building Basic Workplace Confidence; Asking Someone to Repeat or Explain; People, Roles and Departments",A nurse asking a doctor to repeat an instruction,Nurse; nurse manager,0 hits in vocabulary sections,0 hits in dialogues/scenarios,0 hits in exercises; 1 in answer keys,"""a nurse asking a doctor to repeat an instruction"" (CE-L01-M05-L01, PDF p. 105)",book-data.json (rendered unchanged in Career-English-Master.pdf); page = unit start page,\bnurs(?:e|es|ing)\b,3 overlay mentions (all Level 1) and one sample answer.
15,Pharmacy,INCIDENTAL MENTION,Overlay / sample answer,3,1,0,4,"1, 2",L1 M6; L2 M2; L2 M7,L1 6.2; L2 2.4; L2 7.1,"Places, Tools and Documents at Work; Relaying a Request Between People; Greeting and Welcoming a Customer",Greeting a pharmacy customer (sample answer),—,0 hits in vocabulary sections,0 hits in dialogues/scenarios,0 hits in exercises; 2 in answer keys,"""Sample (a pharmacy). In person: ""Welcome! Thanks for coming in"""" (CE-L02-M07-L01, PDF p. 292)",book-data.json (rendered unchanged in Career-English-Master.pdf); page = unit start page,\bpharmac\w+|\bprescriptions?\b|\bmedications?\b|\bmedicines?\b,One sample answer; 'medication' in two overlays.
16,Banking,REPEATED OVERLAY,Overlay,83,7,73,124,"1, 2, 3, 4, 5","29 modules across levels L1, L2, L3, L4, L5",L1 1.1; L1 1.2; L1 1.3; L1 1.4; L1 1.5; L1 2.1; L1 2.2; L1 2.3; L1 2.4; L1 2.5; L1 3.1; L1 3.3; L1 4.4; L1 5.1; L1 6.1; L1 6.2; L1 6.4; L1 6.5; L2 2.2; L2 2.4; L2 3.1; L2 3.2; L2 3.3; L2 3.4; L2 3.5; L2 5.3; L2 6.2; L2 7.2; L2 7.3; L2 7.4; L2 7.5; L2 8.2; L3 1.1; L3 1.2; L3 1.3; L3 1.4; L3 1.5; L3 1.6; L3 2.1; L3 2.3; L3 3.1; L3 3.2; L3 3.4; L3 3.6; L3 4.1; L3 4.3; L3 4.4; L3 4.5; L3 5.1; L3 5.3; L3 5.4; L3 5.5; L3 6.1; L3 6.2; L3 6.4; L3 6.5; L3 7.1; L3 7.3; L3 7.6; L4 2.1; L4 2.4; L4 3.1; L4 3.3; L4 3.4; L4 4.1; L4 5.1; L4 5.2; L4 5.3; L4 5.4; L4 8.1; L4 8.4; L4 8.5; L5 5.2; L5 6.2; L5 6.3; L5 7.1; L5 7.2; L5 7.3; L5 7.4; L5 7.5; L5 7.6; L5 8.3; L5 Assessment,"Understanding What ""Professional"" Means at Work; Talking About Your Background and Experience; Introducing Yourself Professionally; Talking About Your Job Role and Responsibilities; Building Basic Workplace Confidence; Arriving and Greeting on Day One; Meeting Your Supervisor and Team; Receiving Instructions and Understanding Routines; Finding Your Way and Asking Where Things Are; Ending Your First Day Professionally; … (+73 more)","Double-checking transactions, explaining a minimum balance, loan delays, branch metrics, compliance sign-off, relationship-manager client meetings",Teller; loan officer; branch manager; relationship manager; regional director,1 hits in vocabulary sections,2 hits in dialogues/scenarios,2 hits in exercises; 6 in answer keys,"""Banking: Being professional here means double-checking details out loud before confirming a transaction"" (CE-L01-M01-L01, PDF p. 13) | ""Banking (relationship manager, new business client)"" (CE-L03-M06-L01, PDF p. 490)",book-data.json (rendered unchanged in Career-English-Master.pdf); page = unit start page,\bbank(?:s|ing|er|ers)?\b|\btellers?\b|\bloans?\b|\brelationship managers?\b,"73 labelled overlay items in 73 units across all levels — the second most frequent overlay. Outside overlays only sample answers (e.g. 'I'm a teller at a bank branch', L1 1.4). No banking dialogue, character or lesson."
17,Finance,LIMITED OVERLAY,Overlay / department,42,35,5,134,"1, 2, 3, 4, 5","26 modules across levels L1, L2, L3, L4, L5",L1 1.3; L1 3.1; L1 4.1; L1 4.3; L1 6.1; L1 6.4; L1 7.2; L1 Assessment; L2 3.4; L2 8.4; L2 Assessment; L3 3.5; L3 6.2; L3 6.4; L3 6.5; L3 7.1; L3 7.4; L3 7.6; L3 9.2; L3 9.3; L3 Assessment; L3 Capstone; L4 1.1; L4 1.2; L4 1.3; L4 1.4; L4 1.5; L4 2.4; L4 3.2; L4 5.1; L4 5.2; L4 5.3; L4 5.4; L4 7.1; L4 7.2; L4 7.4; L4 8.2; L4 Assessment; L4 Capstone; L5 1.4; L5 6.4; L5 Capstone,"Introducing Yourself Professionally; Formal and Informal Greetings; Listening for Key Information; Understanding Priorities, Sequence and Deadlines; People, Roles and Departments; Tasks, Responsibility and Priority; Making Polite and Confident Requests; Level 1 Assessment; Putting Someone on Hold and Transferring; Putting It All Together: A Full Workday; … (+32 more)",Internal budget negotiation with finance; invoices and budgets as office tasks,"Head of Finance (Mr. Kabir, mentioned); finance team",5 hits in vocabulary sections,31 hits in dialogues/scenarios,12 hits in exercises; 22 in answer keys,"""Internal budget negotiation: ""We could approve the upgraded equipment in exchange for pushing the training budget to next quarter."""" (CE-L04-M01-L03, PDF p. 628)",book-data.json (rendered unchanged in Career-English-Master.pdf); page = unit start page,\bfinanc(?:e|ial|ially)\b|\bbudgets?\b|\binvoices?\b|\bCFO\b|\binvestments?\b,"5 'Internal budget negotiation' overlays (L4). 'budget'/'invoice' occur often as general office tasks, not as finance-industry content."
18,Insurance,INCIDENTAL MENTION,Overlay (inside healthcare admin),3,0,0,3,"3, 4",L3 M1; L4 M2,L3 1.2; L3 1.4; L4 2.2,Making Requests and Sharing Information; Apologizing and Responding to a Complaint; Giving Critical Feedback Without Damaging the Relationship,Insurance claim and card in a clinic context,—,0 hits in vocabulary sections,0 hits in dialogues/scenarios,0 hits in exercises; 0 in answer keys,"""request an updated copy of the patient's insurance card"" (CE-L03-M01-L02, PDF p. 356)",book-data.json (rendered unchanged in Career-English-Master.pdf); page = unit start page,\binsurance\b|\binsurers?\b|\bpolicyholders?\b|\bunderwrit\w+,"3 mentions, all inside healthcare-admin overlays."
19,Accounting,INCIDENTAL MENTION,Sample answers,4,2,0,7,"1, 2",L1 M1; L1 M4; L2 M3,L1 1.2; L1 1.3; L1 4.4; L2 3.2,Talking About Your Background and Experience; Introducing Yourself Professionally; Saying When Something Is Unclear; Taking a Message Accurately,Reconciling a deposit sheet; 'I studied accounting',—,0 hits in vocabulary sections,0 hits in dialogues/scenarios,1 hits in exercises; 4 in answer keys,"""I studied accounting, and I'll be part of the finance team."" (CE-L01-M01-L03, PDF p. 25)",book-data.json (rendered unchanged in Career-English-Master.pdf); page = unit start page,\baccounting\b|\baccountants?\b|\bbookkeep\w+|\bauditors?\b|\baccounts (?:payable|receivable|team|department)\b|\bledgers?\b|\breconcil\w+,4 units.
20,Retail,REPEATED OVERLAY,Overlay,77,7,58,103,"1, 2, 3, 4, 5","31 modules across levels L1, L2, L3, L4, L5",L1 1.1; L1 1.2; L1 1.3; L1 1.4; L1 1.5; L1 2.1; L1 2.2; L1 2.3; L1 2.4; L1 2.5; L1 3.2; L1 4.1; L1 4.2; L1 4.3; L1 5.3; L1 6.1; L1 6.3; L1 Assessment; L2 1.1; L2 1.4; L2 2.1; L2 4.2; L2 5.1; L2 7.1; L2 7.4; L2 7.5; L2 8.1; L3 1.1; L3 1.2; L3 1.4; L3 1.5; L3 2.1; L3 2.2; L3 2.3; L3 2.4; L3 2.5; L3 3.1; L3 3.2; L3 3.3; L3 3.5; L3 3.6; L3 4.1; L3 4.3; L3 4.4; L3 4.5; L3 5.1; L3 5.2; L3 5.3; L3 5.4; L3 5.5; L3 6.2; L3 6.4; L3 7.3; L3 9.3; L4 2.1; L4 2.2; L4 2.5; L4 3.2; L4 4.2; L4 4.3; L5 1.1; L5 1.2; L5 1.3; L5 1.4; L5 2.1; L5 2.2; L5 2.3; L5 2.4; L5 3.2; L5 3.4; L5 4.1; L5 4.2; L5 5.1; L5 6.1; L5 7.1; L5 7.4; L5 7.6,"Understanding What ""Professional"" Means at Work; Talking About Your Background and Experience; Introducing Yourself Professionally; Talking About Your Job Role and Responsibilities; Building Basic Workplace Confidence; Arriving and Greeting on Day One; Meeting Your Supervisor and Team; Receiving Instructions and Understanding Routines; Finding Your Way and Asking Where Things Are; Ending Your First Day Professionally; … (+67 more)","Shop-floor politeness, stockroom discrepancies, returns and refunds, store manager briefings, holiday rota",Sales associate; cashier; store manager; floor supervisor,1 hits in vocabulary sections,0 hits in dialogues/scenarios,2 hits in exercises; 4 in answer keys,"""Retail: ""It was observed that the stockroom count for Item #2214 was 5 units short of the system record."""" (CE-L03-M02-L03, PDF p. 393) | ""Retail: sales associate, store manager, stock/inventory team."" (CE-L01-M06-L01, PDF p. 118)",book-data.json (rendered unchanged in Career-English-Master.pdf); page = unit start page,\bretail\w*\b|\bshop floor\b|\bcashiers?\b|\bshops?\b|\bstore manager\b|\bin-store\b|\bstore\b|\bsales floor\b,58 labelled overlay items in 58 units across all levels. Outside overlays only background lines and sample answers ('mostly in retail'). No retail dialogue or lesson.
21,Sales,SUBSTANTIAL,Core (hotel corporate/events sales) + overlay,27,9,13,47,"1, 2, 3, 4, 5",L1 M1; L1 M6; L1 assessment; L2 M2; L2 M4; L2 M5; L2 M6; L3 M1; L3 M2; L3 M4; L3 M6; L3 M7; L3 M9; L3 capstone; L4 M2; L4 M8; L5 M2; L5 M5; L5 M7,L1 1.3; L1 6.1; L1 Assessment; L2 2.3; L2 4.3; L2 5.2; L2 6.1; L2 6.2; L2 6.3; L3 1.3; L3 2.4; L3 4.2; L3 6.1; L3 6.2; L3 6.3; L3 6.5; L3 7.2; L3 9.1; L3 Capstone; L4 2.3; L4 2.6; L4 8.1; L5 2.3; L5 5.3; L5 5.5; L5 7.3; L5 7.5,"Introducing Yourself Professionally; People, Roles and Departments; Level 1 Assessment; Negotiating Timing and Scope; Marking Urgency and Asking for a Quick Reply; Apologizing for Your Own Mistake; The Follow-Up Habit: Why and When; Writing a Polite Follow-Up Message; Following Up Without Sounding Pushy; Following Up, Reminding, and Confirming; … (+17 more)","Winning a corporate conference booking: rapport, needs questions, presenting a package, objections, closing (L3 M6 and L3 capstone); hotel sales overlays",Front-office events-account handler (Arif); client's Corporate Events Manager (Ms. Elena Cruz),2 hits in vocabulary sections,9 hits in dialogues/scenarios,2 hits in exercises; 3 in answer keys,"""Arif has just been asked to help handle Front Office's corporate events accounts"" (CE-L03-M06-L01, PDF p. 490) | ""Ms. Cruz: It's our regional sales kickoff — around sixty attendees."" (CE-L03-M06-L02, PDF p. 495)",book-data.json (rendered unchanged in Career-English-Master.pdf); page = unit start page,\bsales\b|\bsalesperson\b|\bupsell\w*|\bprospects?\b|\bsales targets?\b|\bquotas?\b,"Client Communication Basics (L3 M6, 5 lessons) is B2B selling, set in hotel events sales; 13 overlays labelled 'Sales'/'Hotel sales'. No retail selling or sales-target lessons."
22,Marketing,NOT FOUND,—,1,0,0,1,4,L4 M1,L4 1.1,Preparing to Negotiate: Knowing Your Position,—,—,0 hits in vocabulary sections,0 hits in dialogues/scenarios,0 hits in exercises; 0 in answer keys,—,book-data.json (rendered unchanged in Career-English-Master.pdf); page = unit start page,\bmarketing\b|\bmarketers?\b|\bcampaigns?\b|\bbranding\b|\bbrand\b(?![- ]new),The only hit is 'brand' meaning a product brand (L4 1.1 overlay).
23,IT,REPEATED OVERLAY,Overlay + supporting counterpart in the hotel story,107,17,88,165,"1, 2, 3, 4, 5","35 modules across levels L1, L2, L3, L4, L5",L1 1.1; L1 1.2; L1 1.3; L1 1.4; L1 1.5; L1 2.1; L1 2.2; L1 2.3; L1 2.4; L1 2.5; L1 4.1; L1 6.1; L1 6.2; L1 6.4; L2 1.1; L2 1.2; L2 1.4; L2 2.1; L2 2.3; L2 3.1; L2 3.3; L2 3.4; L2 3.5; L2 4.2; L2 4.3; L2 5.2; L2 6.1; L2 7.2; L2 7.3; L3 1.1; L3 1.3; L3 1.5; L3 1.6; L3 2.1; L3 2.2; L3 2.3; L3 2.4; L3 2.5; L3 3.1; L3 3.2; L3 3.3; L3 3.4; L3 3.5; L3 3.6; L3 4.1; L3 4.2; L3 4.3; L3 4.4; L3 5.1; L3 5.4; L3 6.2; L3 6.3; L3 6.4; L3 7.1; L3 7.4; L3 7.6; L3 9.1; L4 2.1; L4 2.2; L4 2.4; L4 2.5; L4 2.6; L4 3.2; L4 3.4; L4 4.1; L4 4.2; L4 4.3; L4 4.4; L4 5.1; L4 5.2; L4 5.3; L4 6.1; L4 6.2; L4 6.3; L4 6.4; L4 6.5; L4 7.1; L4 7.2; L4 7.3; L4 7.4; L4 8.2; L4 8.3; L4 8.4; L4 8.5; L4 Assessment; L4 Capstone; L5 1.1; L5 1.2; L5 1.3; L5 1.4; L5 2.2; L5 2.3; L5 2.4; L5 3.2; L5 3.4; L5 4.1; L5 4.2; L5 5.2; L5 5.4; L5 6.1; L5 6.2; L5 7.1; L5 7.2; L5 7.3; L5 7.4; L5 7.5; L5 7.6,"Understanding What ""Professional"" Means at Work; Talking About Your Background and Experience; Introducing Yourself Professionally; Talking About Your Job Role and Responsibilities; Building Basic Workplace Confidence; Arriving and Greeting on Day One; Meeting Your Supervisor and Team; Receiving Instructions and Understanding Routines; Finding Your Way and Asking Where Things Are; Ending Your First Day Professionally; … (+97 more)","Overlays: replying to messages, tickets, outages, rollout timelines, engineers' fixes. Story (Level 4): the hotel's IT team, its IT vendor (NexaCore IT Solutions) and an offshore development team building the check-in module",IT support lead (Nabila); developer (Alex); QA engineer (Sam); IT vendor account (David); team lead; on-call engineer,6 hits in vocabulary sections,17 hits in dialogues/scenarios,7 hits in exercises; 6 in answer keys,"""IT: Being professional here often means responding to messages within a reasonable time"" (CE-L01-M01-L01, PDF p. 13) | ""The hotel's new front-desk check-in system is being built by an outside development team"" (CE-L04-M07-L01, PDF p. 782)",book-data.json (rendered unchanged in Career-English-Master.pdf); page = unit start page,\bIT\b|\binformation technology\b,"The most frequent overlay: 88 labelled items in 87 units, all levels. In the Level 4 story (L4 3.4, M6, M7, M8, capstone) IT people are the hotel's counterparts; the learner is always the hotel employee, never the IT worker."
24,Software / Technology,REPEATED OVERLAY,Overlay + supporting counterpart,66,22,0,125,"1, 2, 3, 4, 5","29 modules across levels L1, L2, L3, L4, L5",L1 4.4; L1 6.1; L1 6.2; L2 1.1; L2 1.2; L2 1.4; L2 2.1; L2 2.3; L2 4.2; L2 5.2; L2 7.3; L3 1.1; L3 1.3; L3 1.4; L3 1.5; L3 2.1; L3 2.3; L3 2.4; L3 3.1; L3 3.2; L3 3.3; L3 3.5; L3 4.2; L3 6.1; L3 6.2; L3 6.3; L3 6.5; L3 7.1; L3 7.2; L3 7.6; L4 2.2; L4 2.4; L4 3.2; L4 3.4; L4 4.1; L4 4.2; L4 4.3; L4 4.4; L4 5.1; L4 5.2; L4 6.1; L4 6.2; L4 6.3; L4 6.4; L4 6.5; L4 7.1; L4 7.2; L4 7.3; L4 8.5; L4 Assessment; L4 Capstone; L5 1.1; L5 1.2; L5 2.2; L5 3.2; L5 3.4; L5 4.2; L5 4.5; L5 5.4; L5 6.1; L5 6.2; L5 6.3; L5 7.1; L5 7.2; L5 7.3; L5 7.5,"Saying When Something Is Unclear; People, Roles and Departments; Places, Tools and Documents at Work; Giving a Clear Status Update; Reporting Problems and Delays; The Standup Habit; Requests with Conditions and Trade-offs; Negotiating Timing and Scope; Writing Clear, Short Work Messages; Apologizing for Your Own Mistake; … (+56 more)","Software rollout, deployment, bugs, outages; hotel booking-system outage and replacement",Developer; QA engineer; engineers,5 hits in vocabulary sections,15 hits in dialogues/scenarios,5 hits in exercises; 15 in answer keys,"""a deployment pipeline that ships daily instead of monthly"" (CE-L05-M06-L02, PDF p. 978)",book-data.json (rendered unchanged in Career-English-Master.pdf); page = unit start page,\bsoftware\b|\bdevelopers?\b|\bprogrammers?\b|\bcoding\b|\bdeploy\w*|\boutages?\b|\bservers?\b|\bbugs?\b|\bsprints?\b|\btechnology\b|\btech\b|\bengineers?\b,See IT.
25,Computer support / IT support,REPEATED OVERLAY,Overlay + supporting counterpart,24,10,0,51,"1, 2, 3, 4",L1 M1; L1 M6; L2 M3; L2 M4; L2 M7; L3 M2; L3 M5; L3 M9; L4 M3; L4 M4; L4 M5; L4 M6; L4 M8; L4 capstone,L1 1.2; L1 1.4; L1 6.1; L1 6.4; L2 3.1; L2 3.3; L2 3.4; L2 3.5; L2 4.3; L2 7.2; L2 7.3; L3 2.1; L3 2.2; L3 2.4; L3 5.1; L3 5.4; L3 9.1; L4 3.4; L4 4.1; L4 5.3; L4 6.1; L4 8.3; L4 8.5; L4 Capstone,"Talking About Your Background and Experience; Talking About Your Job Role and Responsibilities; People, Roles and Departments; Tasks, Responsibility and Priority; Answering and Identifying Yourself; Asking Someone to Repeat or Slow Down; Putting Someone on Hold and Transferring; Handling a Difficult or Unclear Caller & Ending the Call; Marking Urgency and Asking for a Quick Reply; Answering Simple Customer Questions Clearly; … (+14 more)","Support tickets, response windows, IT support calls",IT support lead; support desk,4 hits in vocabulary sections,6 hits in dialogues/scenarios,3 hits in exercises; 7 in answer keys,"""their support tickets have taken two to three times longer than the agreed response window"" (CE-L04-M08-L03, PDF p. 822)",book-data.json (rendered unchanged in Career-English-Master.pdf); page = unit start page,\bhelp ?desk\b|\bservice desk\b|\bIT support\b|\btech(?:nical)? support\b|\bsupport desk\b|\bsupport tickets?\b|\bticket (?:queue|volume|alert)s?\b|\burgent ticket\b|\blast three tickets\b,11 overlays labelled IT support / support desk / IT support call; the hotel's IT vendor relationship in L4 M8.
26,BPO,NOT FOUND,—,5,1,0,6,4,L4 M7; L4 capstone,L4 7.1; L4 7.2; L4 7.3; L4 7.4; L4 Capstone,Recognizing Cultural Differences in Communication Style; Adapting Directness and Formality Across Cultures; Avoiding Misunderstandings in Cross-Cultural Teams; Communicating Respectfully Without Stereotyping; The Difficult Quarter,—,—,0 hits in vocabulary sections,1 hits in dialogues/scenarios,0 hits in exercises; 0 in answer keys,—,book-data.json (rendered unchanged in Career-English-Master.pdf); page = unit start page,\bBPO\b|\bbusiness process outsourcing\b|\boutsourc\w+|\boffshore\b,"No 'BPO', 'outsourcing' or 'business process outsourcing'. The 'offshore team' in L4 M7 is an outside software-development vendor, not a BPO operation."
27,Call Centre / Contact Centre,LIMITED OVERLAY,Overlay,3,0,2,3,"2, 5",L2 M7; L5 M2,L2 7.1; L2 7.5; L5 2.1,"Greeting and Welcoming a Customer; Closing a Customer Interaction Well; Giving Ongoing, Everyday Feedback",Phone/chat support greetings and closings,—,0 hits in vocabulary sections,0 hits in dialogues/scenarios,0 hits in exercises; 0 in answer keys,"""Phone/chat support: ""Thanks for calling/reaching out — how can I help you today?"""" (CE-L02-M07-L01, PDF p. 292) | ""from a kitchen to a call center to a retail floor"" (CE-L05-M02-L01, PDF p. 882)",book-data.json (rendered unchanged in Career-English-Master.pdf); page = unit start page,\bcall cent(?:re|er)s?\b|\bcontact cent(?:re|er)s?\b|\binbound calls?\b|\boutbound calls?\b|\bsupport queue\b|\bcall handling\b|\bcall queue\b|\bphone/chat support\b,"2 labelled overlays plus one passing mention. Telephone English Basics (L2 M3, 5 lessons) is front-desk phone handling in a hotel, not contact-centre work (no queues, scripts, AHT, inbound/outbound)."
28,Customer Service,DEDICATED,"Core (function, hotel guests)",76,62,0,415,"1, 2, 3, 4, 5","36 modules across levels L1, L2, L3, L4, L5",L1 1.1; L1 1.2; L1 1.4; L1 3.1; L1 3.2; L1 6.1; L1 6.5; L2 1.4; L2 3.1; L2 6.1; L2 6.2; L2 7.1; L2 7.2; L2 7.3; L2 7.4; L2 7.5; L2 8.4; L2 Assessment; L2 Capstone; L3 1.3; L3 1.4; L3 1.5; L3 1.6; L3 2.1; L3 2.3; L3 2.4; L3 2.5; L3 3.1; L3 3.3; L3 3.4; L3 3.5; L3 4.2; L3 4.3; L3 5.1; L3 5.2; L3 5.3; L3 5.4; L3 5.5; L3 6.2; L3 7.3; L3 7.4; L3 7.5; L3 9.4; L3 Assessment; L3 Capstone; L4 1.1; L4 1.4; L4 2.1; L4 2.4; L4 2.5; L4 2.6; L4 3.1; L4 3.2; L4 3.3; L4 4.1; L4 5.1; L4 5.2; L4 5.4; L4 6.5; L4 8.1; L4 8.2; L4 8.3; L4 Assessment; L5 1.3; L5 1.4; L5 2.2; L5 3.4; L5 6.1; L5 6.2; L5 7.1; L5 7.4; L5 7.6; L5 8.1; L5 8.4; L5 Assessment; L5 Capstone,"Understanding What ""Professional"" Means at Work; Talking About Your Background and Experience; Talking About Your Job Role and Responsibilities; Formal and Informal Greetings; Starting a Conversation; People, Roles and Departments; Core Workplace Verbs and Professional Phrases; The Standup Habit; Answering and Identifying Yourself; The Follow-Up Habit: Why and When; … (+66 more)","Two whole modules: Basic Customer Interaction (L2 M7) and Customer Service & Complaint Handling (L3 M5); complaint emails (L3 M1 1.4), service recovery",Front-desk agent; manager handling escalations,39 hits in vocabulary sections,26 hits in dialogues/scenarios,54 hits in exercises; 46 in answer keys,"""A guest steps up to the front desk clearly upset."" (CE-L03-M05-L01, PDF p. 463)",book-data.json (rendered unchanged in Career-English-Master.pdf); page = unit start page,\bcustomer (?:service|support|care)\b|\bcomplaints?\b|\bservice recovery\b|\bcustomers?\b,"Customer service is a dedicated skill area, taught through hotel guests, with banking/retail/IT/healthcare overlays."
29,Education,LIMITED OVERLAY,Overlay,14,8,5,28,"1, 2, 3, 4, 5",L1 M1; L1 M6; L1 M7; L2 M2; L2 M5; L2 M8; L3 M7; L4 M2; L4 M3; L4 M4; L4 assessment; L5 M5; L5 M6,L1 1.2; L1 1.5; L1 6.1; L1 7.2; L2 2.2; L2 5.3; L2 8.1; L3 7.5; L4 2.3; L4 3.1; L4 4.4; L4 Assessment; L5 5.2; L5 6.4,"Talking About Your Background and Experience; Building Basic Workplace Confidence; People, Roles and Departments; Making Polite and Confident Requests; Turning Down a Request Without Damaging the Relationship; Thanking Someone Specifically and Sincerely; Punctuality and Time Norms at Work; Relative Clauses, Gerunds, and Infinitives for Fluent Writing; Receiving Criticism Gracefully; The Anatomy of a Persuasive Argument; … (+4 more)","Covering a class, grading delay, parent call, pilot decision",Teacher; school principal; education administrator,2 hits in vocabulary sections,2 hits in dialogues/scenarios,2 hits in exercises; 4 in answer keys,"""Education: ""I'm not able to take an extra class this week"""" (CE-L02-M02-L02, PDF p. 199) | ""Education administration: ""The parent who called this morning..."""" (CE-L03-M07-L05, PDF p. 536)",book-data.json (rendered unchanged in Career-English-Master.pdf); page = unit start page,\beducation\w*\b|\bschools?\b|\buniversit(?:y|ies)\b|\bcolleges?\b|\bstudents?\b|\bcampus\b|\bclassrooms?\b,"5 labelled overlay items (L2–L5) plus passing mentions (college, classroom)."
30,Teaching,INCIDENTAL MENTION,Overlay / instruction,3,2,0,3,"1, 4",L1 M1; L1 M4; L4 M3,L1 1.1; L1 4.1; L4 3.1,"Understanding What ""Professional"" Means at Work; Listening for Key Information; The Anatomy of a Persuasive Argument",—,Teacher; school principal,0 hits in vocabulary sections,0 hits in dialogues/scenarios,1 hits in exercises; 0 in answer keys,"""a hotel General Manager, a school principal, a bank branch manager, or a hospital administrator"" (CE-L04-M03-L01, PDF p. 681)",book-data.json (rendered unchanged in Career-English-Master.pdf); page = unit start page,\bteachers?\b|\btutors?\b|\blecturers?\b|\bschool principal\b|\bteaching staff\b,Teaching appears only inside education overlays and in learner instructions ('ask a partner or teacher').
31,Training / L&D,INCIDENTAL MENTION,Core (workplace activity),37,35,0,126,"1, 2, 3, 4, 5",L1 M1; L1 M2; L1 M4; L2 M4; L2 M8; L3 M1; L3 M3; L4 M1; L4 M3; L4 M4; L4 M5; L4 M7; L4 M8; L5 M3; L5 M4; L5 M5; L5 M6; L5 M7; L5 M8,L1 1.1; L1 1.2; L1 1.3; L1 1.4; L1 1.5; L1 2.1; L1 4.1; L2 4.5; L2 8.3; L3 1.3; L3 3.2; L3 3.4; L3 3.5; L3 3.6; L4 1.3; L4 3.2; L4 3.3; L4 4.2; L4 4.3; L4 4.4; L4 5.2; L4 5.3; L4 5.4; L4 7.1; L4 8.5; L5 3.1; L5 4.2; L5 4.3; L5 4.5; L5 5.1; L5 5.4; L5 6.1; L5 6.3; L5 6.4; L5 7.4; L5 8.1; L5 8.2,"Understanding What ""Professional"" Means at Work; Talking About Your Background and Experience; Introducing Yourself Professionally; Talking About Your Job Role and Responsibilities; Building Basic Workplace Confidence; Arriving and Greeting on Day One; Listening for Key Information; Message, Call, or Talk in Person?; Hierarchy, Titles, and Respectful Address; Following Up, Reminding, and Confirming; … (+27 more)","Orientation day, staff training, moving training online",HR colleague running orientation,11 hits in vocabulary sections,32 hits in dialogues/scenarios,10 hits in exercises; 23 in answer keys,"""It's Arif's orientation day — an in-person induction session"" (CE-L01-M01-L02, PDF p. 19)",book-data.json (rendered unchanged in Career-English-Master.pdf); page = unit start page,\btraining\b|\bL&D\b|\blearning and development\b|\btrainers?\b|\bworkshops?\b|\bonboarding\b|\binduction\b|\borientation\b,"Training appears as a workplace event, not as L&D-industry content. (Coaching in L5 M3 is a management skill.)"
32,HR / Human Resources,INCIDENTAL MENTION,Core (department),9,8,0,18,"1, 2, 5",L1 M1; L1 M2; L1 M3; L1 M6; L1 assessment; L2 M8; L5 M5,L1 1.1; L1 1.5; L1 2.1; L1 2.3; L1 3.3; L1 6.1; L1 Assessment; L2 8.2; L5 5.4,"Understanding What ""Professional"" Means at Work; Building Basic Workplace Confidence; Arriving and Greeting on Day One; Receiving Instructions and Understanding Routines; Safe and Unsafe Small-Talk Topics; People, Roles and Departments; Level 1 Assessment; Digital Etiquette and Confidentiality Basics; Keeping a Meeting Focused and On Time",HR colleague phones before Day 1 and runs orientation,HR officer (Sadia Chowdhury),3 hits in vocabulary sections,3 hits in dialogues/scenarios,3 hits in exercises; 3 in answer keys,"""Arif gets a short call from Sadia Chowdhury in HR"" (CE-L01-M01-L01, PDF p. 13)",book-data.json (rendered unchanged in Career-English-Master.pdf); page = unit start page,\bHR\b|\bhuman resources\b|\bpersonnel\b,"HR is a department in the hotel story (9 units, mostly Level 1); no HR-practitioner lessons."
33,Recruitment,INCIDENTAL MENTION,Candidate side only,8,8,0,62,"1, 4, 5",L1 M1; L1 M3; L1 M6; L1 M7; L4 assessment; L5 M7,L1 1.2; L1 3.4; L1 6.1; L1 7.2; L4 Assessment; L5 7.1; L5 7.2; L5 7.6,"Talking About Your Background and Experience; Ending a Conversation Politely; People, Roles and Departments; Making Polite and Confident Requests; Level 4 Assessment; Writing Your Story: CV and LinkedIn English; Interviewing with Confidence; Resigning and Exit Interviews Gracefully","CV bullets, job interview answers, salary discussion, resignation and exit interview (L5 M7)",Candidate; interviewer,2 hits in vocabulary sections,3 hits in dialogues/scenarios,10 hits in exercises; 4 in answer keys,"""Answer a common interview question with a clear, structured response."" (CE-L05-M07-L02, PDF p. 1002)",book-data.json (rendered unchanged in Career-English-Master.pdf); page = unit start page,\brecruit\w*|\bhiring\b|\bcandidates?\b|\bCVs?\b|\br[eé]sum[eé]s?\b|\bjob offers?\b|\boffer letter\b|\binterview\w*,"Career Growth Communication (L5 M7, 6 lessons) teaches job-seeking from the candidate's side. Recruitment as an industry or HR function is not covered."
34,Administration / Office Administration,REPEATED OVERLAY,Overlay + generic office setting,47,11,17,55,"1, 2, 3, 4, 5",L1 M1; L1 M2; L1 M4; L1 M6; L2 M2; L2 M3; L2 M5; L2 M8; L3 M1; L3 M2; L3 M3; L3 M4; L3 M5; L3 M7; L4 M2; L4 M3; L4 M4; L4 M5; L4 M7; L5 M5; L5 M6; L5 M7,L1 1.1; L1 1.2; L1 1.4; L1 2.1; L1 2.2; L1 2.4; L1 4.1; L1 4.2; L1 4.3; L1 6.2; L2 2.4; L2 3.2; L2 5.1; L2 8.2; L2 8.4; L3 1.2; L3 1.4; L3 2.1; L3 2.3; L3 3.1; L3 3.3; L3 3.4; L3 3.5; L3 4.1; L3 4.5; L3 5.1; L3 5.4; L3 7.2; L3 7.3; L3 7.5; L4 2.2; L4 2.3; L4 2.4; L4 2.5; L4 3.1; L4 3.3; L4 3.4; L4 4.4; L4 5.1; L4 5.4; L4 7.1; L5 5.1; L5 5.4; L5 6.2; L5 6.3; L5 7.3; L5 7.5,"Understanding What ""Professional"" Means at Work; Talking About Your Background and Experience; Talking About Your Job Role and Responsibilities; Arriving and Greeting on Day One; Meeting Your Supervisor and Team; Finding Your Way and Asking Where Things Are; Listening for Key Information; Confirming and Repeating Instructions; Understanding Priorities, Sequence and Deadlines; Places, Tools and Documents at Work; … (+37 more)","Office routines, filing, paperwork; 'Office'/'Corporate office' overlays",Office staff,1 hits in vocabulary sections,4 hits in dialogues/scenarios,0 hits in exercises; 1 in answer keys,"""Clip B (office, natural pace, two parts): ""File these invoices..."""" (CE-L01-M04-L01, PDF p. 88)",book-data.json (rendered unchanged in Career-English-Master.pdf); page = unit start page,\badministrati(?:on|ve)\b|\badministrators?\b|\boffice manager\b|\bclerical\b|\bpaperwork\b|\bfiling\b|\badmin\b,17 overlay items labelled Office / Corporate office / Fixed-hours office in 15 units. Most 'admin' hits are 'Healthcare admin' labels (counted under healthcare).
35,Government / Public Sector,NOT FOUND,—,0,0,0,0,—,,—,—,—,—,0 hits in vocabulary sections,0 hits in dialogues/scenarios,0 hits in exercises; 0 in answer keys,—,book-data.json (rendered unchanged in Career-English-Master.pdf); page = unit start page,\bgovernment\b|\bpublic sector\b|\bministry\b|\bcivil serv\w+|\bmunicipal\w*|\bregulators?\b|\bregulatory\b,
36,Legal / Law,INCIDENTAL MENTION,Overlay (banking compliance),13,4,0,21,"1, 3, 4, 5",L1 M2; L1 M6; L3 M4; L3 M7; L4 M3; L5 M1; L5 M3; L5 M7; L5 M8,L1 2.1; L1 2.3; L1 6.1; L1 6.5; L3 4.5; L3 7.1; L3 7.4; L4 3.4; L5 1.3; L5 3.4; L5 7.1; L5 7.3; L5 8.3,"Arriving and Greeting on Day One; Receiving Instructions and Understanding Routines; People, Roles and Departments; Core Workplace Verbs and Professional Phrases; Handling Questions After a Presentation; Tenses and Aspect for Professional Writing; Articles, Prepositions, and Subject-Verb Agreement in Practice; Influencing Without Authority; Delegating Ownership, Not Just Tasks; Knowing When to Coach and When to Just Tell Them; … (+3 more)",Compliance steps in banking overlays,Compliance team,0 hits in vocabulary sections,0 hits in dialogues/scenarios,2 hits in exercises; 1 in answer keys,"""Banking: ""... the compliance team's sign-off would help both our departments"""" (CE-L04-M03-L04, PDF p. 696)",book-data.json (rendered unchanged in Career-English-Master.pdf); page = unit start page,\blegal\b|\blawyers?\b|\blaw firm\b|\battorneys?\b|\bsolicitors?\b|\bcompliance\b|\bcourt\b,No legal workplace or lawyer role; 'lawyers' only in a grammar example.
37,Engineering,INCIDENTAL MENTION,Core (hotel Engineering/maintenance department),23,19,0,74,"2, 3, 4, 5",L2 M1; L2 M2; L2 M6; L2 capstone; L2 assessment; L3 M1; L3 M2; L4 M4; L4 M5; L4 M6; L4 M7; L4 M8; L4 capstone; L5 M1; L5 M4,L2 1.1; L2 2.5; L2 6.1; L2 6.2; L2 6.3; L2 6.4; L2 Assessment; L2 Capstone; L3 1.1; L3 2.2; L4 4.2; L4 4.3; L4 4.4; L4 5.2; L4 5.4; L4 6.5; L4 7.3; L4 8.1; L4 8.3; L4 8.5; L4 Capstone; L5 1.2; L5 4.5,Giving a Clear Status Update; Written Requests: Short and Clear; The Follow-Up Habit: Why and When; Writing a Polite Follow-Up Message; Following Up Without Sounding Pushy; Closing the Loop; Level 2 Assessment; A Normal Week; Anatomy of a Professional Email; Daily and Weekly Reports; … (+13 more),Maintenance requests to the hotel's Engineering team,Maintenance team,6 hits in vocabulary sections,28 hits in dialogues/scenarios,5 hits in exercises; 4 in answer keys,"""Arif asked the maintenance team to fix a leaking tap three days ago."" (CE-L02-M06-L01, PDF p. 275)",book-data.json (rendered unchanged in Career-English-Master.pdf); page = unit start page,\bengineering\b|\bengineers?\b|\bmaintenance\b,'Engineering' here is the hotel's maintenance department (see Facilities row); 'engineer' otherwise means software engineers in IT overlays.
38,Construction,INCIDENTAL MENTION,Core (hotel renovation),6,5,0,11,"1, 4, 5",L1 M3; L4 M8; L5 M5; L5 M8,L1 3.1; L4 8.3; L4 8.4; L5 5.1; L5 5.2; L5 8.4,Formal and Informal Greetings; Difficult Vendor Conversations; Managing Client Expectations Over Time; Chairing a Meeting as Its Owner; Making a Decision When the Group Disagrees; Putting It All Together: A Week as a Leader,Renovation noise; banquet-hall renovation overlapping a conference,Facilities contractor,0 hits in vocabulary sections,2 hits in dialogues/scenarios,0 hits in exercises; 3 in answer keys,"""Days after learning the banquet hall renovation will overlap with Meridian Partners' conference dates"" (CE-L04-M08-L04, PDF p. 828)",book-data.json (rendered unchanged in Career-English-Master.pdf); page = unit start page,\bconstruction\b|\bbuilding site\b|\bsite engineer\b|\barchitects?\b|\bcontractors?\b|\brenovation\b,No construction workplace.
39,Manufacturing,NOT FOUND,—,0,0,0,0,—,,—,—,—,—,0 hits in vocabulary sections,0 hits in dialogues/scenarios,0 hits in exercises; 0 in answer keys,—,book-data.json (rendered unchanged in Career-English-Master.pdf); page = unit start page,\bmanufactur\w+|\bfactor(?:y|ies)\b|\bproduction line\b|\bassembly line\b|\bplant manager\b,
40,Logistics,LIMITED OVERLAY,Overlay + hotel deliveries,20,18,0,69,"1, 2, 3, 4, 5",L1 M2; L2 M4; L2 assessment; L3 M1; L3 M2; L3 M3; L3 M5; L3 M7; L3 assessment; L4 M1; L4 M6; L5 M5,L1 2.5; L2 4.5; L2 Assessment; L3 1.1; L3 1.3; L3 1.5; L3 2.2; L3 3.1; L3 5.2; L3 5.5; L3 7.3; L3 7.5; L3 Assessment; L4 1.1; L4 1.3; L4 1.5; L4 6.1; L4 6.2; L4 6.5; L5 5.1,"Ending Your First Day Professionally; Message, Call, or Talk in Person?; Level 2 Assessment; Anatomy of a Professional Email; Following Up, Reminding, and Confirming; Escalating an Issue by Email; Daily and Weekly Reports; Before a Meeting: Invitations and Agendas; De-escalating an Angry Customer; Service Recovery: Turning a Bad Experience Around; … (+10 more)",Delayed shipments and deliveries; supply-chain disruption overlays,—,1 hits in vocabulary sections,8 hits in dialogues/scenarios,10 hits in exercises; 12 in answer keys,"""a supply-chain disruption"" (CE-L04-M06-L05, PDF p. 775) | ""The shipment was delayed because the customs paperwork arrived late."" (CE-L03-M07-L03, PDF p. 526)",book-data.json (rendered unchanged in Career-English-Master.pdf); page = unit start page,\blogistics\b|\bshipments?\b|\bshipping\b|\bcouriers?\b|\bfreight\b|\bdispatch\w*|\bdeliver(?:y|ies) (?:window|date|truck|driver|delay|disruption)s?\b|\b(?:delayed|failed|late) deliver(?:y|ies)\b,Raw 'delivery' hits (187) were mostly speech delivery and were excluded. Logistics appears as supplier deliveries to the hotel and 4 'Supply chain' overlays.
41,Supply Chain,LIMITED OVERLAY,Overlay,51,42,8,198,"1, 2, 3, 4, 5","26 modules across levels L1, L2, L3, L4, L5",L1 Assessment; L2 1.1; L2 1.2; L2 3.2; L2 4.5; L2 6.4; L2 7.3; L2 Capstone; L3 1.1; L3 1.2; L3 1.3; L3 1.5; L3 2.2; L3 3.2; L3 3.4; L3 3.6; L3 6.1; L3 6.3; L3 7.2; L3 7.3; L3 7.4; L3 7.6; L3 9.3; L3 Assessment; L3 Capstone; L4 1.1; L4 1.2; L4 1.3; L4 1.4; L4 1.5; L4 2.1; L4 2.4; L4 3.2; L4 3.3; L4 4.4; L4 6.1; L4 6.2; L4 6.3; L4 6.4; L4 6.5; L4 7.3; L4 8.1; L4 8.2; L4 8.3; L4 8.4; L4 8.5; L4 Assessment; L4 Capstone; L5 1.4; L5 7.2; L5 7.5,"Level 1 Assessment; Giving a Clear Status Update; Reporting Problems and Delays; Taking a Message Accurately; Message, Call, or Talk in Person?; Closing the Loop; ""I Don't Know"" — But I'll Find Out; A Normal Week; Anatomy of a Professional Email; Making Requests and Sharing Information; … (+41 more)",Supply-chain disruption under time pressure,—,6 hits in vocabulary sections,30 hits in dialogues/scenarios,23 hits in exercises; 26 in answer keys,"""Supply chain (delivery disruption)"" (CE-L04-M06-L01, PDF p. 752)",book-data.json (rendered unchanged in Career-English-Master.pdf); page = unit start page,\bsupply chain\b|\bsuppliers?\b|\bvendors?\b,"8 overlay items (all Level 4) name the supply chain or a supplier: 4 are labelled 'Supply chain' (L4 M6), the rest are the hotel's own suppliers. Vendor management with the hotel's suppliers is a separate core function (see additional row)."
42,Procurement / Purchasing,INCIDENTAL MENTION,"Core (department, passing)",2,2,0,3,"3, 4",L3 M2; L4 M6,L3 2.5; L4 6.5,"Writing a Recommendation That Gets Acted On; A Full Crisis Scenario: Communicate, Escalate, Resolve",Flagging a shortage to Purchasing; procurement team's banquet supplier problem,Procurement team,0 hits in vocabulary sections,0 hits in dialogues/scenarios,0 hits in exercises; 0 in answer keys,"""the procurement team learns that the main food supplier for Saturday's large banquet cannot deliver in time"" (CE-L04-M06-L05, PDF p. 775)",book-data.json (rendered unchanged in Career-English-Master.pdf); page = unit start page,\bprocurement\b|\bpurchasing\b|\bpurchase orders?\b|\bsourcing\b|\btenders?\b|\bRFPs?\b|\bquotations?\b,2 units.
43,Stores / Warehouse,INCIDENTAL MENTION,Core (hotel storeroom) + retail overlays,36,23,0,107,"1, 2, 3, 4, 5",L1 M2; L1 M6; L1 assessment; L2 M1; L2 M2; L2 M4; L2 capstone; L2 assessment; L3 M1; L3 M2; L3 M3; L3 M4; L3 M5; L3 M7; L3 M8; L3 M9; L4 M1; L4 M2; L4 M4; L4 M6; L4 capstone; L5 M1; L5 M7,L1 2.3; L1 6.1; L1 6.2; L1 Assessment; L2 1.1; L2 1.3; L2 2.1; L2 2.3; L2 2.4; L2 2.5; L2 4.2; L2 Assessment; L2 Capstone; L3 1.1; L3 1.2; L3 2.1; L3 2.2; L3 2.3; L3 2.5; L3 3.1; L3 3.5; L3 3.6; L3 4.1; L3 5.3; L3 7.4; L3 8.3; L3 9.3; L4 1.1; L4 1.5; L4 2.6; L4 4.4; L4 6.3; L4 Capstone; L5 1.1; L5 7.1; L5 7.4,"Receiving Instructions and Understanding Routines; People, Roles and Departments; Places, Tools and Documents at Work; Level 1 Assessment; Giving a Clear Status Update; Matching Update Detail to Your Audience; Requests with Conditions and Trade-offs; Negotiating Timing and Scope; Relaying a Request Between People; Written Requests: Short and Clear; … (+26 more)",Storeroom and linen inventory counts; retail stockroom discrepancies,—,6 hits in vocabulary sections,25 hits in dialogues/scenarios,8 hits in exercises; 16 in answer keys,"""Ms. Noor asks Arif to have the full storeroom inventory finished by the end of his shift"" (CE-L02-M02-L03, PDF p. 203)",book-data.json (rendered unchanged in Career-English-Master.pdf); page = unit start page,\bwarehouses?\b|\binventory\b|\bstock ?rooms?\b|\bstore ?rooms?\b|\bstorekeepers?\b|\bstock\b,"Stock-keeping is a task, not an industry; 'warehouse' occurs 3 times (retail overlays)."
44,Security,INCIDENTAL MENTION,Core (passing),3,2,0,12,"1, 3",L1 M2; L1 M3; L3 M7,L1 2.1; L1 3.1; L3 7.4,"Arriving and Greeting on Day One; Formal and Informal Greetings; Articles, Prepositions, and Subject-Verb Agreement in Practice",Greeting the security guard at the gate,Security guard (Nasir),0 hits in vocabulary sections,2 hits in dialogues/scenarios,2 hits in exercises; 1 in answer keys,"""Arif walks in past the security guard, Nasir"" (CE-L01-M03-L01, PDF p. 69)",book-data.json (rendered unchanged in Career-English-Master.pdf); page = unit start page,\bsecurity\b|(?<!off )\bguards?\b,3 units.
45,Real Estate,NOT FOUND,—,1,1,0,1,1,L1 assessment,L1 Assessment,Level 1 Assessment,—,—,0 hits in vocabulary sections,0 hits in dialogues/scenarios,1 hits in exercises; 0 in answer keys,—,book-data.json (rendered unchanged in Career-English-Master.pdf); page = unit start page,\breal estate\b|\btenants?\b|\blandlords?\b|\bleases?\b|\bestate agen\w+|\bproperty (?:agent|developer|market)s?\b,The one hit is 'a huge fight with my landlord' as an unsafe small-talk example; 'property' means the hotel.
46,Media,NOT FOUND,—,0,0,0,0,—,,—,—,—,—,0 hits in vocabulary sections,0 hits in dialogues/scenarios,0 hits in exercises; 0 in answer keys,—,book-data.json (rendered unchanged in Career-English-Master.pdf); page = unit start page,\bmedia\b|\btelevision\b|\bTV\b|\bradio\b|\bnewspapers?\b|\bbroadcast\w*,
47,Journalism,NOT FOUND,—,0,0,0,0,—,,—,—,—,—,0 hits in vocabulary sections,0 hits in dialogues/scenarios,0 hits in exercises; 0 in answer keys,—,book-data.json (rendered unchanged in Career-English-Master.pdf); page = unit start page,\bjournalis\w+|\breporters?\b|\bpress\b|\beditors?\b,
48,Advertising,NOT FOUND,—,0,0,0,0,—,,—,—,—,—,0 hits in vocabulary sections,0 hits in dialogues/scenarios,0 hits in exercises; 0 in answer keys,—,book-data.json (rendered unchanged in Career-English-Master.pdf); page = unit start page,\badvertis\w+|\bad agency\b|\bads\b,
49,Communication / PR,NOT FOUND,—,0,0,0,0,—,,—,—,—,—,0 hits in vocabulary sections,0 hits in dialogues/scenarios,0 hits in exercises; 0 in answer keys,—,book-data.json (rendered unchanged in Career-English-Master.pdf); page = unit start page,\bpublic relations\b|\bPR\b|\bpress releases?\b|\bspokesperson\b|\bcommunications team\b,"Crisis and change communication (L4 M6, L5 M4) are internal workplace skills, not PR."
50,Healthcare technology,NOT FOUND,—,0,0,0,0,—,,—,—,—,—,0 hits in vocabulary sections,0 hits in dialogues/scenarios,0 hits in exercises; 0 in answer keys,—,book-data.json (rendered unchanged in Career-English-Master.pdf); page = unit start page,\bhealth ?tech\w*|\belectronic (?:health|medical) records?\b|\bEHR\b|\btelemedicine\b,
51,E-commerce,INCIDENTAL MENTION,Sample answer,1,1,0,1,4,L4 M6,L4 6.4,Crisis Communication: Keeping People Informed,Checkout service outage affecting online orders,—,0 hits in vocabulary sections,0 hits in dialogues/scenarios,0 hits in exercises; 1 in answer keys,"""the checkout service has been down since 1:45 PM, affecting online orders"" (CE-L04-M06-L04, PDF p. 769)",book-data.json (rendered unchanged in Career-English-Master.pdf); page = unit start page,\be-?commerce\b|\bonline (?:store|shop|order)s?\b|\bmarketplace\b,1 answer key.
52,Startups / Entrepreneurship,NOT FOUND,—,0,0,0,0,—,,—,—,—,—,0 hits in vocabulary sections,0 hits in dialogues/scenarios,0 hits in exercises; 0 in answer keys,—,book-data.json (rendered unchanged in Career-English-Master.pdf); page = unit start page,\bstart-?ups?\b|\bentrepreneur\w*|\bfounders?\b,
53,Business Management,DEDICATED,Core (function: leadership),25,21,0,68,"1, 2, 3, 4, 5",L1 M1; L1 M3; L2 M8; L2 capstone; L2 assessment; L3 M1; L3 M3; L3 M4; L3 M5; L3 M6; L3 M7; L3 capstone; L4 M3; L4 M5; L4 M6; L4 M7; L5 M5; L5 M6; L5 M7; L5 M8; L5 capstone,L1 1.3; L1 3.1; L2 8.3; L2 8.4; L2 Assessment; L2 Capstone; L3 1.5; L3 3.5; L3 4.5; L3 5.5; L3 6.5; L3 7.6; L3 Capstone; L4 3.1; L4 3.2; L4 5.1; L4 5.2; L4 6.3; L4 7.1; L5 5.1; L5 6.3; L5 7.4; L5 8.2; L5 8.4; L5 Capstone,"Introducing Yourself Professionally; Formal and Informal Greetings; Hierarchy, Titles, and Respectful Address; Putting It All Together: A Full Workday; Level 2 Assessment; A Normal Week; Escalating an Issue by Email; Assigning Action Points and Closing a Meeting; Handling Questions After a Presentation; Service Recovery: Turning a Bad Experience Around; … (+15 more)","Level 5 Leadership English: delegation, feedback, coaching, change, chairing decisions, executive presentations",Team leader (Arif in L5); General Manager; directors,0 hits in vocabulary sections,13 hits in dialogues/scenarios,6 hits in exercises; 7 in answer keys,"""Delegating a Task Clearly (lesson title)"" (CE-L05-M01-L01, PDF p. 863)",book-data.json (rendered unchanged in Career-English-Master.pdf); page = unit start page,\bbusiness management\b|\bgeneral manager\b|\bmanagement team\b|\bCEO\b|\bmanaging director\b|\bregional director\b|\bdirector\b,"Management/leadership communication is a dedicated level (L5, 8 modules), set in the hotel. It is a cross-industry function, not an industry."
54,Consulting,INCIDENTAL MENTION,Overlay,1,0,0,1,3,L3 M6,L3 6.3,Presenting a Solution to a Client,—,Travel consultant,0 hits in vocabulary sections,0 hits in dialogues/scenarios,0 hits in exercises; 0 in answer keys,"""Tourism (travel consultant)"" (CE-L03-M06-L03, PDF p. 500)",book-data.json (rendered unchanged in Career-English-Master.pdf); page = unit start page,\bconsult(?:ing|ants?|ancy)\b,No management-consulting content.
55,NGO / Non-profit,NOT FOUND,—,0,0,0,0,—,,—,—,—,—,0 hits in vocabulary sections,0 hits in dialogues/scenarios,0 hits in exercises; 0 in answer keys,—,book-data.json (rendered unchanged in Career-English-Master.pdf); page = unit start page,\bNGOs?\b|\bnon-?profits?\b|\bcharit(?:y|ies)\b|\bvolunteer\w*,
56,Sports,INCIDENTAL MENTION,Passing,3,3,0,3,"1, 3",L1 M1; L1 M3; L3 M9,L1 1.1; L1 3.3; L3 9.4,"Understanding What ""Professional"" Means at Work; Safe and Unsafe Small-Talk Topics; Level 3 Synthesis: A Full Professional Week",Sports as a safe small-talk topic; 'turn professional' in sport; a coach/player analogy,—,1 hits in vocabulary sections,0 hits in dialogues/scenarios,0 hits in exercises; 0 in answer keys,"""General hobbies or sports"" (CE-L01-M03-L03, PDF p. 79) | ""the same way a coach names a quality in a player's game"" (CE-L03-M09-L04, PDF p. 588)",book-data.json (rendered unchanged in Career-English-Master.pdf); page = unit start page,\bsports?\b|\bathlet\w+|\btournaments?\b|\bstadiums?\b|\bfootball\b|\bsoccer\b|\btennis\b|\bleague\b|\bplayers?\b,3 mentions in 3 units.
57,Cricket,NOT FOUND,—,0,0,0,0,—,,—,—,—,—,0 hits in vocabulary sections,0 hits in dialogues/scenarios,0 hits in exercises; 0 in answer keys,—,book-data.json (rendered unchanged in Career-English-Master.pdf); page = unit start page,\bcricket\b|\bIPL\b|\bbatsm[ae]n\b|\bbowlers?\b|\bwickets?\b|\binnings\b,"No 'cricket', 'IPL', 'wicket', 'batsman', 'bowler' or 'innings'."
58,Sports management,NOT FOUND,—,0,0,0,0,—,,—,—,—,—,0 hits in vocabulary sections,0 hits in dialogues/scenarios,0 hits in exercises; 0 in answer keys,—,book-data.json (rendered unchanged in Career-English-Master.pdf); page = unit start page,\bsports? management\b|\bsports? clubs?\b|\bteam manager\b,
59,Fitness / Wellness,INCIDENTAL MENTION,Sample answer,1,1,0,1,5,L5 M5,L5 5.2,Making a Decision When the Group Disagrees,Closing the hotel gym during renovation,—,0 hits in vocabulary sections,0 hits in dialogues/scenarios,0 hits in exercises; 1 in answer keys,"""whether to close the gym early during the renovation"" (CE-L05-M05-L02, PDF p. 949)",book-data.json (rendered unchanged in Career-English-Master.pdf); page = unit start page,\bfitness\b|\bgym\b|\bwellness\b|\byoga\b|\bworkouts?\b|\bpersonal trainers?\b,1 unit.
60,Beauty / Salon / Spa,INCIDENTAL MENTION,Sample answers (hotel spa),2,2,0,2,2,L2 M1; L2 assessment,L2 1.2; L2 Assessment,Reporting Problems and Delays; Level 2 Assessment,Towels from the hotel spa; spa slot for a guest,—,0 hits in vocabulary sections,0 hits in dialogues/scenarios,0 hits in exercises; 2 in answer keys,"""does the spa have any free slots this afternoon for Room 410?"" (CE-L02-ASSESSMENT, PDF p. 331)",book-data.json (rendered unchanged in Career-English-Master.pdf); page = unit start page,\bsalons?\b|\bspa\b|\bbeauty\b|\bbeauticians?\b|\bmassage\b|\bhairdress\w+,2 units.
61,Aviation ground operations,NOT FOUND,—,0,0,0,0,—,,—,—,—,—,0 hits in vocabulary sections,0 hits in dialogues/scenarios,0 hits in exercises; 0 in answer keys,—,book-data.json (rendered unchanged in Career-English-Master.pdf); page = unit start page,\bground (?:staff|handling|operations)\b|\bbaggage\b|\bboarding gates?\b|\bcheck-in counter\b|\bramp\b,
62,Event management,SUBSTANTIAL,Core (hotel events/conferences/weddings),35,35,0,155,"2, 3, 4, 5",L2 M2; L2 M6; L3 M1; L3 M5; L3 M6; L3 M9; L3 capstone; L3 assessment; L4 M2; L4 M3; L4 M4; L4 M6; L4 M7; L4 M8; L4 capstone; L5 M5; L5 M6; L5 M7,L2 2.5; L2 6.2; L3 1.5; L3 5.1; L3 5.4; L3 6.1; L3 6.2; L3 6.3; L3 6.4; L3 6.5; L3 9.1; L3 9.3; L3 Assessment; L3 Capstone; L4 2.4; L4 2.6; L4 3.4; L4 4.1; L4 4.2; L4 4.4; L4 6.1; L4 6.2; L4 6.3; L4 6.5; L4 7.2; L4 8.1; L4 8.2; L4 8.4; L4 8.5; L4 Capstone; L5 5.5; L5 6.2; L5 6.4; L5 7.2; L5 7.3,Written Requests: Short and Clear; Writing a Polite Follow-Up Message; Escalating an Issue by Email; Listening with Empathy; Escalating a Complaint Internally; Welcoming a Client and Building Rapport; Understanding Client Needs Through Questions; Presenting a Solution to a Client; Handling Client Objections; Closing and Following Up with a Client; … (+25 more),"Corporate conference account (Meridian Partners) across L3 M6, L3 capstone, L4 M7–M8; wedding season during the L4 M6 outage; banquet-hall renovation clash",Client's Corporate Events Manager (Ms. Elena Cruz); hotel events team,5 hits in vocabulary sections,54 hits in dialogues/scenarios,3 hits in exercises; 26 in answer keys,"""clients who book multi-day conferences and functions at the hotel"" (CE-L03-M06-L01, PDF p. 490) | ""It is 4:40 PM on a Friday in peak wedding season"" (CE-L04-M06-L01, PDF p. 752)",book-data.json (rendered unchanged in Career-English-Master.pdf); page = unit start page,\bevents? (?:planners?|management|managers?|coordinators?)\b|\bconferences?\b(?! room)|\bbanquet hall\b|\bweddings?\b|\bvenues?\b|\bexhibitions?\b|\bcorporate events?\b,"Events are a hotel revenue line seen from the front office (35 units outside overlays), not event-management-company work."
63,Restaurant management,NOT FOUND,—,0,0,0,0,—,,—,—,—,—,0 hits in vocabulary sections,0 hits in dialogues/scenarios,0 hits in exercises; 0 in answer keys,—,book-data.json (rendered unchanged in Career-English-Master.pdf); page = unit start page,\brestaurant managers?\b|\bF&B managers?\b|\boutlet managers?\b,
64,Retail management,LIMITED OVERLAY,Overlay,5,0,0,5,"1, 3, 4, 5",L1 M1; L1 M6; L3 M5; L4 M4; L5 M6,L1 1.3; L1 6.1; L3 5.5; L4 4.3; L5 6.1,"Introducing Yourself Professionally; People, Roles and Departments; Service Recovery: Turning a Bad Experience Around; Communicating a Decision and Its Reasoning; Presenting as the Senior Voice in the Room",Store manager / floor supervisor briefings,Store manager; floor supervisor,0 hits in vocabulary sections,0 hits in dialogues/scenarios,0 hits in exercises; 0 in answer keys,"""Retail (a newly promoted floor supervisor briefing their team)"" (CE-L05-M06-L01, PDF p. 971)",book-data.json (rendered unchanged in Career-English-Master.pdf); page = unit start page,\bstore managers?\b|\bfloor supervisors?\b|\bretail managers?\b|\bshop managers?\b,5 overlays.
65,Professional services,LIMITED OVERLAY,Overlay,9,2,0,17,"3, 4, 5",L3 M6; L4 M1; L4 M4; L4 M7; L5 M7,L3 6.3; L4 1.1; L4 4.2; L4 4.3; L4 7.1; L4 7.2; L4 7.3; L4 7.4; L5 7.3,Presenting a Solution to a Client; Preparing to Negotiate: Knowing Your Position; Exploring Options and Trade-offs Collaboratively; Communicating a Decision and Its Reasoning; Recognizing Cultural Differences in Communication Style; Adapting Directness and Formality Across Cultures; Avoiding Misunderstandings in Cross-Cultural Teams; Communicating Respectfully Without Stereotyping; Networking and Building Professional Relationships,Client scope negotiation by a services company; managed-services and international client accounts,Account lead,1 hits in vocabulary sections,5 hits in dialogues/scenarios,0 hits in exercises; 1 in answer keys,"""Client scope negotiation (a services company and a client)"" (CE-L04-M01-L05, PDF p. 639)",book-data.json (rendered unchanged in Career-English-Master.pdf); page = unit start page,\bprofessional services\b|\bservices company\b|\bagency\b(?! staff)|\bmanaged services\b|\bconsultancy\b|\blaw firm\b|\baccounting firm\b|\bclient accounts?\b,7 overlay units (L3–L5).
66,Facilities / maintenance,SUBSTANTIAL,Core (hotel department),19,18,1,66,"2, 3, 4, 5",L2 M1; L2 M2; L2 M6; L2 capstone; L2 assessment; L3 M1; L3 M2; L4 M5; L4 M8; L4 capstone; L5 M1; L5 M4,L2 1.1; L2 2.5; L2 6.1; L2 6.2; L2 6.3; L2 6.4; L2 Assessment; L2 Capstone; L3 1.1; L3 2.2; L4 5.2; L4 5.4; L4 8.1; L4 8.3; L4 8.4; L4 8.5; L4 Capstone; L5 1.2; L5 4.5,Giving a Clear Status Update; Written Requests: Short and Clear; The Follow-Up Habit: Why and When; Writing a Polite Follow-Up Message; Following Up Without Sounding Pushy; Closing the Loop; Level 2 Assessment; A Normal Week; Anatomy of a Professional Email; Daily and Weekly Reports; … (+9 more),"Maintenance request and the follow-up ladder (L2 M6, all 4 lessons); keycard encoder (L2 capstone); facilities contractor",Hotel maintenance/Engineering team,6 hits in vocabulary sections,26 hits in dialogues/scenarios,5 hits in exercises; 4 in answer keys,"""A three-message annotated follow-up ladder about the Room 204 maintenance request"" (CE-L02-M06-L03, PDF p. 283)",book-data.json (rendered unchanged in Career-English-Master.pdf); page = unit start page,\bfacilities\b|\bmaintenance\b|\bEngineering\b,"Additional domain found in the book. A hotel department, 18 units outside overlays."
67,Corporate office (generic),REPEATED OVERLAY,Overlay + default setting of generic lessons,82,72,17,188,"1, 2, 3, 4, 5","34 modules across levels L1, L2, L3, L4, L5",L1 1.2; L1 1.3; L1 1.4; L1 1.5; L1 2.1; L1 2.2; L1 2.3; L1 2.4; L1 2.5; L1 3.1; L1 3.2; L1 3.3; L1 4.1; L1 4.2; L1 4.3; L1 4.4; L1 5.1; L1 5.3; L1 6.1; L1 6.2; L1 6.3; L1 6.4; L1 6.5; L1 7.2; L1 7.3; L1 7.4; L1 Assessment; L1 Capstone; L2 1.2; L2 1.4; L2 4.4; L2 5.4; L2 8.1; L2 8.2; L3 1.1; L3 1.5; L3 3.1; L3 3.2; L3 3.5; L3 3.6; L3 4.1; L3 5.5; L3 6.1; L3 7.4; L3 7.5; L3 9.1; L3 9.2; L3 9.3; L4 1.1; L4 3.4; L4 4.1; L4 4.2; L4 4.3; L4 4.4; L4 7.1; L4 7.3; L4 Capstone; L5 1.1; L5 1.2; L5 1.3; L5 1.4; L5 2.1; L5 2.2; L5 3.1; L5 3.2; L5 3.3; L5 4.1; L5 4.2; L5 4.4; L5 5.1; L5 5.3; L5 6.1; L5 6.2; L5 6.3; L5 6.4; L5 7.1; L5 7.3; L5 7.4; L5 7.5; L5 7.6; L5 Assessment; L5 Capstone,Talking About Your Background and Experience; Introducing Yourself Professionally; Talking About Your Job Role and Responsibilities; Building Basic Workplace Confidence; Arriving and Greeting on Day One; Meeting Your Supervisor and Team; Receiving Instructions and Understanding Routines; Finding Your Way and Asking Where Things Are; Ending Your First Day Professionally; Formal and Informal Greetings; … (+72 more),"Office routines, printers, meeting rooms",Office staff,10 hits in vocabulary sections,77 hits in dialogues/scenarios,4 hits in exercises; 14 in answer keys,"""a shift-based job (hotel, retail, healthcare) runs on a completely different rhythm from a fixed-hours office job"" (CE-L01-M06-L03, PDF p. 127)",book-data.json (rendered unchanged in Career-English-Master.pdf); page = unit start page,\bcorporate office\b|\bfixed-hours office\b|\boffice\b,Additional domain. 17 overlays labelled Office / Corporate office / Fixed-hours office.
68,Telecom,NOT FOUND,—,0,0,0,0,—,,—,—,—,—,0 hits in vocabulary sections,0 hits in dialogues/scenarios,0 hits in exercises; 0 in answer keys,—,book-data.json (rendered unchanged in Career-English-Master.pdf); page = unit start page,\btelecom\w*|\bmobile operator\b|\bnetwork operator\b,Additional search.
69,Transport (rail/bus/taxi),INCIDENTAL MENTION,Passing,2,2,0,6,"1, 2",L1 M7; L2 M8,L1 7.4; L2 8.1,"Tone, Hierarchy and Respect at Work; Punctuality and Time Norms at Work",Arif's bus is late,—,0 hits in vocabulary sections,2 hits in dialogues/scenarios,0 hits in exercises; 0 in answer keys,"""my bus is stuck in traffic"" (CE-L02-M08-L01, PDF p. 314)",book-data.json (rendered unchanged in Career-English-Master.pdf); page = unit start page,\brailways?\b|\btrain station\b|\bbus\b|\btaxis?\b|\bmetro\b,"Commuting, not a transport workplace."
70,Fashion / garments / textiles,INCIDENTAL MENTION,Core (supplier name),6,5,0,14,4,L4 M1; L4 M8; L4 capstone,L4 1.1; L4 1.2; L4 1.5; L4 8.1; L4 8.2; L4 Capstone,Preparing to Negotiate: Knowing Your Position; Opening a Negotiation and Anchoring; Closing a Negotiation and Confirming the Deal; Managing a Long-Term Client or Vendor Relationship; Renewing or Renegotiating a Contract; The Difficult Quarter,The hotel's linen supplier is 'Bengal Textile Supplies',Supplier account manager (Mr. Tariq Mostafa),0 hits in vocabulary sections,5 hits in dialogues/scenarios,1 hits in exercises; 0 in answer keys,"""Mr. Tariq Mostafa, Account Manager at Bengal Textile Supplies"" (CE-L04-M01-L02, PDF p. 623)",book-data.json (rendered unchanged in Career-English-Master.pdf); page = unit start page,\bfashion\b|\bgarments?\b|\btextiles?\b|\bclothing\b,The negotiation is taught from the hotel buyer's side; no textile-industry content.
71,Automotive,NOT FOUND,—,0,0,0,0,—,,—,—,—,—,0 hits in vocabulary sections,0 hits in dialogues/scenarios,0 hits in exercises; 0 in answer keys,—,book-data.json (rendered unchanged in Career-English-Master.pdf); page = unit start page,\bautomotive\b|\bcar dealer\w*|\bcar showroom\b|\bmechanic\b,Additional search.
72,Energy / utilities,NOT FOUND,—,0,0,0,0,—,,—,—,—,—,0 hits in vocabulary sections,0 hits in dialogues/scenarios,0 hits in exercises; 0 in answer keys,—,book-data.json (rendered unchanged in Career-English-Master.pdf); page = unit start page,\benergy company\b|\butilit(?:y|ies) company\b|\bpower plant\b|\belectricity\b,Additional search.
73,Agriculture,NOT FOUND,—,0,0,0,0,—,,—,—,—,—,0 hits in vocabulary sections,0 hits in dialogues/scenarios,0 hits in exercises; 0 in answer keys,—,book-data.json (rendered unchanged in Career-English-Master.pdf); page = unit start page,\bagricultur\w+|\bfarm(?:s|ing|ers?)?\b,Additional search.
74,Pharmaceutical industry,NOT FOUND,—,0,0,0,0,—,,—,—,—,—,0 hits in vocabulary sections,0 hits in dialogues/scenarios,0 hits in exercises; 0 in answer keys,—,book-data.json (rendered unchanged in Career-English-Master.pdf); page = unit start page,\bpharmaceutical\w*,Additional search.
,Vendor / supplier management (function),SUBSTANTIAL,"Core (function, hotel side)",,,,,4,"L4 M1, L4 M8, L4 capstone","L4 M1, L4 M8, L4 capstone",,"Linen contract negotiation (L4 M1), Advanced Client & Vendor Relations (L4 M8), IT vendor accountability, L4 capstone","Hotel buyer (Arif, Ms. Noor); supplier account managers",,,,"""The hotel's linen supplier, Bengal Textile Supplies, is raising prices for the new contract year"" (CE-L04-M01-L01, PDF p. 617)",book-data.json,manual review,A business function taught through the hotel's suppliers; not a supply-chain-industry course.
,Job seeking / career communication (function),DEDICATED,"Core (function, candidate side)",,,,,5,L5 M7,L5 M7,,"CV and LinkedIn, interviews, networking, promotion, salary, resignation (L5 M7, 6 lessons)",Candidate; employee seeking promotion,,,,"""Write CV/resume bullet points using strong, honest action verbs."" (CE-L05-M07-L01, PDF p. 996)",book-data.json,manual review,"A dedicated module, not tied to any industry."
