Level,Module,Module/unit title,Module ID,Units,Universal skill area,Transfer category,Transfer note,HOSP Hospitality & Hotels,IT IT & Technology,BFS Banking & Finance,HLTH Healthcare & Hospitals,RTL Retail,BPO BPO & Contact Centre,AVN Aviation,EDU Education,TRV Tourism & Travel,LOG Logistics & Supply Chain,MFG Manufacturing,CORP Corporate / Office,PROF Professional Services,SPRT Sports & Sports Management
1,M1,Starting Work,CE-L01-M01,5,Self and role introduction,H,Role descriptions and background are industry-specific,"APPLICATION (main scenario in 5/5 units; overlay in 5 units, 4 labelled items)","OVERLAY (overlay in 5 units, 4 labelled items; mentioned outside overlays in 2 units)","OVERLAY (overlay in 5 units, 4 labelled items; mentioned outside overlays in 2 units)","OVERLAY (overlay in 5 units, 4 labelled items; mentioned outside overlays in 1 units)","OVERLAY (overlay in 5 units, 4 labelled items; mentioned outside overlays in 1 units)",—,—,OVERLAY (overlay in 1 units; mentioned outside overlays in 3 units),MENTION (mentioned outside overlays in 1 units),—,—,OVERLAY (overlay in 3 units; mentioned outside overlays in 5 units),—,MENTION (mentioned outside overlays in 1 units)
1,M2,First-Day Communication,CE-L01-M02,5,Workplace entry and orientation,I,"Workplace settings differ: shift handover, ward, branch, shop floor, plant","APPLICATION (main scenario in 2/5 units; overlay in 5 units, 5 labelled items)","OVERLAY (overlay in 5 units, 5 labelled items)","OVERLAY (overlay in 5 units, 5 labelled items)","OVERLAY (overlay in 5 units, 5 labelled items)","OVERLAY (overlay in 5 units, 5 labelled items)",—,—,—,—,OVERLAY (overlay in 1 units; mentioned outside overlays in 1 units),—,OVERLAY (overlay in 3 units; mentioned outside overlays in 5 units),OVERLAY (overlay in 2 units),—
1,M3,Greetings & Small Talk,CE-L01-M03,4,Rapport and small talk,G,Transfers directly; only safe-topic examples change,"APPLICATION (main scenario in 1/4 units; overlay in 3 units, 2 labelled items)",—,"OVERLAY (overlay in 2 units, 1 labelled items; mentioned outside overlays in 1 units)","OVERLAY (overlay in 1 units, 2 labelled items; mentioned outside overlays in 1 units)","OVERLAY (overlay in 1 units, 1 labelled items)",—,—,—,—,—,—,"OVERLAY (overlay in 2 units, 1 labelled items; mentioned outside overlays in 1 units)",—,MENTION (mentioned outside overlays in 1 units)
1,M4,Understanding Instructions,CE-L01-M04,4,Receiving instructions,J,"Safety-critical read-back (healthcare, aviation, manufacturing) needs a new assessment model",OVERLAY (overlay in 3 units; mentioned outside overlays in 1 units),OVERLAY (overlay in 2 units; mentioned outside overlays in 1 units),OVERLAY (overlay in 1 units; mentioned outside overlays in 3 units),—,OVERLAY (overlay in 3 units; mentioned outside overlays in 1 units),—,—,MENTION (mentioned outside overlays in 1 units),—,—,—,OVERLAY (overlay in 3 units; mentioned outside overlays in 4 units),—,—
1,M5,Asking for Help & Clarification,CE-L01-M05,3,Clarification,G,Transfers directly,OVERLAY (overlay in 1 units),—,OVERLAY (overlay in 1 units),OVERLAY (overlay in 2 units),OVERLAY (overlay in 1 units),—,—,—,—,—,—,MENTION (mentioned outside overlays in 2 units),—,—
1,M6,Basic Workplace Vocabulary,CE-L01-M06,5,"Roles, places, tools, documents",H,Each industry needs its own role/place/tool/document vocabulary,"OVERLAY (overlay in 5 units, 3 labelled items; mentioned outside overlays in 3 units)","OVERLAY (overlay in 3 units, 2 labelled items; mentioned outside overlays in 2 units)","OVERLAY (overlay in 4 units, 2 labelled items; mentioned outside overlays in 3 units)","OVERLAY (overlay in 3 units, 3 labelled items; mentioned outside overlays in 1 units)","OVERLAY (overlay in 2 units, 2 labelled items; mentioned outside overlays in 1 units)",—,—,MENTION (mentioned outside overlays in 1 units),—,OVERLAY (overlay in 2 units; mentioned outside overlays in 1 units),—,"OVERLAY (overlay in 1 units, 1 labelled items; mentioned outside overlays in 5 units)",OVERLAY (overlay in 2 units),—
1,M7,Foundations of Professional Tone,CE-L01-M07,4,Tone and register (PURPOSE→AUDIENCE→MESSAGE→TONE→ACTION),G,Transfers directly,APPLICATION (main scenario in 1/4 units),—,MENTION (mentioned outside overlays in 1 units),—,—,—,—,MENTION (mentioned outside overlays in 1 units),—,—,—,MENTION (mentioned outside overlays in 3 units),—,—
1,Assessment,Level 1 Assessment,CE-L01-ASSESSMENT,1,Level 1 assessment,J,Assessment/capstone: needs industry-specific assessment forms,MENTION (mentioned outside overlays in 1 units),—,MENTION (mentioned outside overlays in 1 units),—,MENTION (mentioned outside overlays in 1 units),—,—,—,—,MENTION (mentioned outside overlays in 1 units),—,MENTION (mentioned outside overlays in 1 units),—,—
1,Capstone,Your First Weeks at Work,CE-L01-CAPSTONE,1,Level 1 capstone,J,Assessment/capstone: needs industry-specific assessment forms,APPLICATION (main scenario in 1/1 units),—,—,—,—,—,—,—,—,—,—,MENTION (mentioned outside overlays in 1 units),—,—
2,M1,Daily Work Updates,CE-L02-M01,4,Status updates,H,"Status terms are industry-specific (ticket, account, patient, shipment)",APPLICATION (main scenario in 2/4 units),"OVERLAY (overlay in 3 units, 3 labelled items)",—,—,"OVERLAY (overlay in 2 units, 2 labelled items)",—,—,—,—,OVERLAY (overlay in 1 units; mentioned outside overlays in 3 units),—,"OVERLAY (overlay in 1 units, 1 labelled items; mentioned outside overlays in 2 units)",—,—
2,M2,Making & Responding to Requests,CE-L02-M02,5,Requests,G,Transfers directly,APPLICATION (main scenario in 3/5 units),"OVERLAY (overlay in 2 units, 2 labelled items)","OVERLAY (overlay in 2 units, 2 labelled items)","OVERLAY (overlay in 1 units, 1 labelled items)","OVERLAY (overlay in 1 units, 1 labelled items)",—,—,"OVERLAY (overlay in 1 units, 1 labelled items)",—,MENTION (mentioned outside overlays in 4 units),—,OVERLAY (overlay in 1 units),—,—
2,M3,Telephone English Basics,CE-L02-M03,5,Telephone handling,I,"Contact-centre call flows, identity verification and triage need new scenarios",APPLICATION (main scenario in 4/5 units),"OVERLAY (overlay in 4 units, 4 labelled items)","OVERLAY (overlay in 5 units, 5 labelled items; mentioned outside overlays in 1 units)","OVERLAY (overlay in 1 units, 1 labelled items; mentioned outside overlays in 2 units)",—,—,—,—,—,MENTION (mentioned outside overlays in 1 units),—,OVERLAY (overlay in 1 units),—,—
2,M4,Digital Messaging (WhatsApp/Teams/Slack),CE-L02-M04,5,Chat and messaging,G,Transfers; confidentiality rules differ by industry,MENTION (mentioned outside overlays in 2 units),"OVERLAY (overlay in 2 units, 2 labelled items)",—,—,"OVERLAY (overlay in 1 units, 1 labelled items)",—,—,—,—,OVERLAY (overlay in 1 units; mentioned outside overlays in 2 units),—,MENTION (mentioned outside overlays in 1 units),—,—
2,M5,Apologizing & Thanking Professionally,CE-L02-M05,4,Apology and thanks,G,Transfers directly,APPLICATION (main scenario in 3/4 units),"OVERLAY (overlay in 1 units, 1 labelled items)","OVERLAY (overlay in 1 units, 1 labelled items)","OVERLAY (overlay in 1 units, 1 labelled items)","OVERLAY (overlay in 1 units, 1 labelled items)",—,MENTION (mentioned outside overlays in 1 units),"OVERLAY (overlay in 1 units, 1 labelled items)",MENTION (mentioned outside overlays in 1 units),—,—,OVERLAY (overlay in 1 units; mentioned outside overlays in 1 units),—,—
2,M6,Following Up,CE-L02-M06,4,Follow-up,G,Transfers directly,MENTION (mentioned outside overlays in 1 units),"OVERLAY (overlay in 1 units, 1 labelled items)","OVERLAY (overlay in 1 units, 1 labelled items)",—,—,—,—,—,—,MENTION (mentioned outside overlays in 1 units),—,—,—,—
2,M7,Basic Customer Interaction,CE-L02-M07,5,Customer service (entry),I,"Customer becomes patient, passenger, account holder, caller, parent: new scenarios","APPLICATION (main scenario in 5/5 units; overlay in 4 units, 4 labelled items)","OVERLAY (overlay in 2 units, 2 labelled items; mentioned outside overlays in 1 units)","OVERLAY (overlay in 4 units, 4 labelled items; mentioned outside overlays in 1 units)",MENTION (mentioned outside overlays in 1 units),"OVERLAY (overlay in 3 units, 3 labelled items)","OVERLAY (overlay in 2 units, 2 labelled items)",—,—,MENTION (mentioned outside overlays in 1 units),MENTION (mentioned outside overlays in 1 units),—,—,—,—
2,M8,Workplace Etiquette,CE-L02-M08,4,"Etiquette, confidentiality, hierarchy",H,"Confidentiality and hierarchy norms are industry-specific (patient data, bank secrecy)","APPLICATION (main scenario in 3/4 units; overlay in 1 units, 1 labelled items)",—,"OVERLAY (overlay in 1 units, 1 labelled items; mentioned outside overlays in 1 units)","OVERLAY (overlay in 1 units, 2 labelled items)","OVERLAY (overlay in 1 units, 1 labelled items)",—,—,MENTION (mentioned outside overlays in 1 units),MENTION (mentioned outside overlays in 1 units),—,—,"OVERLAY (overlay in 2 units, 2 labelled items; mentioned outside overlays in 1 units)",—,—
2,Assessment,Level 2 Assessment,CE-L02-ASSESSMENT,1,Level 2 assessment,J,Assessment/capstone: needs industry-specific assessment forms,MENTION (mentioned outside overlays in 1 units),—,MENTION (mentioned outside overlays in 1 units),—,—,—,—,—,—,MENTION (mentioned outside overlays in 1 units),—,—,—,—
2,Capstone,A Normal Week,CE-L02-CAPSTONE,1,Level 2 capstone,J,Assessment/capstone: needs industry-specific assessment forms,APPLICATION (main scenario in 1/1 units),—,—,—,—,—,—,—,—,MENTION (mentioned outside overlays in 1 units),—,—,—,—
3,M1,Professional Email Writing,CE-L03-M01,6,Email,H,Structure transfers; content and compliance language are industry-specific,APPLICATION (main scenario in 6/6 units; overlay in 2 units),"OVERLAY (overlay in 5 units, 3 labelled items)","OVERLAY (overlay in 6 units, 5 labelled items; mentioned outside overlays in 1 units)","OVERLAY (overlay in 2 units, 2 labelled items)","OVERLAY (overlay in 4 units, 4 labelled items)",—,MENTION (mentioned outside overlays in 1 units),—,MENTION (mentioned outside overlays in 1 units),OVERLAY (overlay in 3 units; mentioned outside overlays in 4 units),—,OVERLAY (overlay in 3 units; mentioned outside overlays in 1 units),—,—
3,M2,Report Writing,CE-L03-M02,5,Reports (FEAAR framework),J,"Document formats differ: incident, shift, QA, post-incident review; needs industry document assessment",APPLICATION (main scenario in 4/5 units),"OVERLAY (overlay in 4 units, 4 labelled items; mentioned outside overlays in 3 units)","OVERLAY (overlay in 2 units, 2 labelled items; mentioned outside overlays in 1 units)","OVERLAY (overlay in 2 units, 2 labelled items)","OVERLAY (overlay in 5 units, 5 labelled items)",—,MENTION (mentioned outside overlays in 1 units),—,MENTION (mentioned outside overlays in 1 units),OVERLAY (overlay in 3 units; mentioned outside overlays in 2 units),—,OVERLAY (overlay in 2 units),—,—
3,M3,"Meetings: Before, During, and After",CE-L03-M03,6,Meetings,G,Transfers directly,APPLICATION (main scenario in 4/6 units),"OVERLAY (overlay in 6 units, 6 labelled items; mentioned outside overlays in 1 units)","OVERLAY (overlay in 5 units, 4 labelled items; mentioned outside overlays in 1 units)","OVERLAY (overlay in 4 units, 4 labelled items)","OVERLAY (overlay in 5 units, 5 labelled items)",—,—,—,—,OVERLAY (overlay in 3 units; mentioned outside overlays in 4 units),—,OVERLAY (overlay in 4 units; mentioned outside overlays in 3 units),—,—
3,M4,Presentations I,CE-L03-M04,5,Presentations and data,H,Structure transfers; metrics and data are industry-specific,"APPLICATION (main scenario in 3/5 units; overlay in 1 units, 1 labelled items)","OVERLAY (overlay in 4 units, 4 labelled items; mentioned outside overlays in 1 units)","OVERLAY (overlay in 4 units, 4 labelled items)","OVERLAY (overlay in 2 units, 2 labelled items)","OVERLAY (overlay in 4 units, 4 labelled items)",—,—,—,—,OVERLAY (overlay in 1 units),—,OVERLAY (overlay in 2 units; mentioned outside overlays in 1 units),OVERLAY (overlay in 1 units),—
3,M5,Customer Service & Complaint Handling,CE-L03-M05,5,Complaint handling,I,Complaint types and remedies are industry-specific; regulated sectors limit what staff may offer,"APPLICATION (main scenario in 2/5 units; overlay in 2 units, 2 labelled items)","OVERLAY (overlay in 2 units, 2 labelled items)","OVERLAY (overlay in 4 units, 4 labelled items)","OVERLAY (overlay in 2 units, 2 labelled items)","OVERLAY (overlay in 5 units, 5 labelled items; mentioned outside overlays in 1 units)",—,—,—,OVERLAY (overlay in 1 units),OVERLAY (overlay in 2 units; mentioned outside overlays in 1 units),—,OVERLAY (overlay in 2 units; mentioned outside overlays in 1 units),—,—
3,M6,Client Communication Basics,CE-L03-M06,5,Client needs and solutions,H,Transfers to B2B sectors; offers and objections are industry-specific,"APPLICATION (main scenario in 1/5 units; overlay in 2 units, 2 labelled items)","OVERLAY (overlay in 5 units, 5 labelled items; mentioned outside overlays in 1 units)","OVERLAY (overlay in 4 units, 4 labelled items; mentioned outside overlays in 3 units)",—,"OVERLAY (overlay in 2 units, 2 labelled items)",—,MENTION (mentioned outside overlays in 1 units),—,"OVERLAY (overlay in 1 units, 1 labelled items; mentioned outside overlays in 1 units)",OVERLAY (overlay in 2 units),—,"OVERLAY (overlay in 1 units, 3 labelled items; mentioned outside overlays in 1 units)","OVERLAY (overlay in 1 units, 4 labelled items)",—
3,M7,Professional Grammar in Context,CE-L03-M07,6,Grammar,G,Transfers directly,"OVERLAY (overlay in 1 units, 1 labelled items; mentioned outside overlays in 4 units)","OVERLAY (overlay in 3 units, 3 labelled items; mentioned outside overlays in 1 units)","OVERLAY (overlay in 3 units, 3 labelled items; mentioned outside overlays in 3 units)","OVERLAY (overlay in 1 units, 2 labelled items)","OVERLAY (overlay in 1 units, 1 labelled items)",—,MENTION (mentioned outside overlays in 1 units),"OVERLAY (overlay in 1 units, 1 labelled items)","OVERLAY (overlay in 1 units, 1 labelled items; mentioned outside overlays in 2 units)",MENTION (mentioned outside overlays in 5 units),—,OVERLAY (overlay in 2 units; mentioned outside overlays in 2 units),OVERLAY (overlay in 1 units; mentioned outside overlays in 1 units),—
3,M8,Pronunciation & Confident Speaking,CE-L03-M08,4,Pronunciation,G,Transfers; industry terminology adds stress patterns,APPLICATION (main scenario in 3/4 units),—,—,—,—,—,MENTION (mentioned outside overlays in 1 units),—,MENTION (mentioned outside overlays in 1 units),MENTION (mentioned outside overlays in 1 units),—,—,—,—
3,M9,Digital & Cross-Platform Communication,CE-L03-M09,4,Channel choice,G,Transfers directly,"APPLICATION (main scenario in 2/4 units; overlay in 2 units, 2 labelled items)","OVERLAY (overlay in 1 units, 1 labelled items)",OVERLAY (overlay in 1 units; mentioned outside overlays in 1 units),—,"OVERLAY (overlay in 1 units, 1 labelled items)",—,—,—,MENTION (mentioned outside overlays in 2 units),OVERLAY (overlay in 1 units; mentioned outside overlays in 1 units),—,"OVERLAY (overlay in 2 units, 4 labelled items; mentioned outside overlays in 1 units)",—,MENTION (mentioned outside overlays in 1 units)
3,Assessment,Level 3 Assessment,CE-L03-ASSESSMENT,1,Level 3 assessment,J,Assessment/capstone: needs industry-specific assessment forms,MENTION (mentioned outside overlays in 1 units),—,MENTION (mentioned outside overlays in 1 units),—,—,—,—,—,—,MENTION (mentioned outside overlays in 1 units),—,—,—,—
3,Capstone,The Client Review,CE-L03-CAPSTONE,1,Level 3 capstone,J,Assessment/capstone: needs industry-specific assessment forms,APPLICATION (main scenario in 1/1 units),—,MENTION (mentioned outside overlays in 1 units),—,—,—,—,—,—,MENTION (mentioned outside overlays in 1 units),—,—,—,—
4,M1,Negotiation,CE-L04-M01,5,Negotiation,H,"Structure transfers; terms (rate, SLA, scope, tariff) are industry-specific","APPLICATION (main scenario in 4/5 units; overlay in 5 units, 5 labelled items)",—,"OVERLAY (overlay in 5 units, 5 labelled items)",MENTION (mentioned outside overlays in 1 units),—,—,—,—,—,OVERLAY (overlay in 5 units; mentioned outside overlays in 5 units),—,MENTION (mentioned outside overlays in 1 units),"OVERLAY (overlay in 1 units, 1 labelled items)",—
4,M2,Difficult Conversations & Conflict Management,CE-L04-M02,6,Difficult conversations,G,Transfers directly,APPLICATION (main scenario in 2/6 units; overlay in 1 units),"OVERLAY (overlay in 5 units, 4 labelled items)","OVERLAY (overlay in 3 units, 2 labelled items; mentioned outside overlays in 1 units)","OVERLAY (overlay in 4 units, 4 labelled items)","OVERLAY (overlay in 3 units, 3 labelled items)",—,MENTION (mentioned outside overlays in 1 units),"OVERLAY (overlay in 1 units, 1 labelled items)",MENTION (mentioned outside overlays in 1 units),OVERLAY (overlay in 1 units; mentioned outside overlays in 2 units),—,OVERLAY (overlay in 4 units),—,—
4,M3,Persuasion & Influence,CE-L04-M03,4,Persuasion,G,Transfers directly,APPLICATION (main scenario in 3/4 units; overlay in 1 units),"OVERLAY (overlay in 1 units, 1 labelled items; mentioned outside overlays in 2 units)","OVERLAY (overlay in 3 units, 2 labelled items; mentioned outside overlays in 1 units)","OVERLAY (overlay in 3 units, 2 labelled items)","OVERLAY (overlay in 1 units, 1 labelled items)",—,—,OVERLAY (overlay in 1 units),—,"OVERLAY (overlay in 1 units, 1 labelled items; mentioned outside overlays in 1 units)",—,OVERLAY (overlay in 3 units; mentioned outside overlays in 1 units),OVERLAY (overlay in 1 units),—
4,M4,Advanced Problem-Solving Communication,CE-L04-M04,4,Problem solving aloud,H,Problem types are industry-specific,"APPLICATION (main scenario in 3/4 units; overlay in 4 units, 4 labelled items)","OVERLAY (overlay in 4 units, 4 labelled items)","OVERLAY (overlay in 1 units, 1 labelled items)","OVERLAY (overlay in 1 units, 1 labelled items)","OVERLAY (overlay in 2 units, 2 labelled items)",—,—,MENTION (mentioned outside overlays in 1 units),—,OVERLAY (overlay in 1 units; mentioned outside overlays in 1 units),—,OVERLAY (overlay in 1 units; mentioned outside overlays in 4 units),MENTION (mentioned outside overlays in 2 units),—
4,M5,Presentations II,CE-L04-M05,4,Senior presentations,G,Transfers directly,"APPLICATION (main scenario in 4/4 units; overlay in 4 units, 4 labelled items)","OVERLAY (overlay in 3 units, 3 labelled items; mentioned outside overlays in 1 units)","OVERLAY (overlay in 4 units, 4 labelled items; mentioned outside overlays in 4 units)","OVERLAY (overlay in 2 units, 2 labelled items; mentioned outside overlays in 1 units)",—,—,MENTION (mentioned outside overlays in 1 units),—,MENTION (mentioned outside overlays in 1 units),—,—,OVERLAY (overlay in 2 units),—,—
4,M6,Escalation & Crisis Communication,CE-L04-M06,5,Escalation and crisis,J,Crisis protocols are regulated or safety-critical in several industries; needs new scenarios and assessment,"APPLICATION (main scenario in 4/5 units; overlay in 4 units, 4 labelled items)","OVERLAY (overlay in 4 units, 4 labelled items; mentioned outside overlays in 5 units)",—,MENTION (mentioned outside overlays in 1 units),—,—,—,—,—,"OVERLAY (overlay in 4 units, 4 labelled items; mentioned outside overlays in 3 units)",—,—,—,—
4,M7,Cross-Cultural Workplace Communication,CE-L04-M07,4,Cross-cultural communication,G,Transfers directly,"APPLICATION (main scenario in 3/4 units; overlay in 4 units, 4 labelled items)","OVERLAY (overlay in 4 units, 4 labelled items; mentioned outside overlays in 2 units)",OVERLAY (overlay in 1 units; mentioned outside overlays in 2 units),—,—,—,—,—,—,MENTION (mentioned outside overlays in 1 units),—,"OVERLAY (overlay in 1 units, 1 labelled items; mentioned outside overlays in 1 units)","OVERLAY (overlay in 4 units, 4 labelled items)",—
4,M8,Advanced Client & Vendor Relations,CE-L04-M08,5,Account and vendor relationships,H,Contract and service terms are industry-specific,"APPLICATION (main scenario in 5/5 units; overlay in 5 units, 7 labelled items)","OVERLAY (overlay in 4 units, 4 labelled items; mentioned outside overlays in 2 units)","OVERLAY (overlay in 3 units, 3 labelled items; mentioned outside overlays in 1 units)",—,—,—,—,—,—,"OVERLAY (overlay in 5 units, 3 labelled items; mentioned outside overlays in 4 units)",—,"OVERLAY (overlay in 0 units, 3 labelled items)",—,—
4,Assessment,Level 4 Assessment,CE-L04-ASSESSMENT,1,Level 4 assessment,J,Assessment/capstone: needs industry-specific assessment forms,MENTION (mentioned outside overlays in 1 units),MENTION (mentioned outside overlays in 1 units),MENTION (mentioned outside overlays in 1 units),MENTION (mentioned outside overlays in 1 units),—,—,—,MENTION (mentioned outside overlays in 1 units),—,MENTION (mentioned outside overlays in 1 units),—,—,—,—
4,Capstone,The Difficult Quarter,CE-L04-CAPSTONE,1,Level 4 capstone,J,Assessment/capstone: needs industry-specific assessment forms,APPLICATION (main scenario in 1/1 units),MENTION (mentioned outside overlays in 1 units),MENTION (mentioned outside overlays in 1 units),MENTION (mentioned outside overlays in 1 units),—,—,—,—,—,MENTION (mentioned outside overlays in 1 units),—,MENTION (mentioned outside overlays in 1 units),—,—
5,M1,Delegation & Instruction-Giving,CE-L05-M01,4,Delegation,G,Transfers directly,APPLICATION (main scenario in 4/4 units; overlay in 2 units),OVERLAY (overlay in 4 units),MENTION (mentioned outside overlays in 1 units),—,OVERLAY (overlay in 4 units),—,—,—,—,OVERLAY (overlay in 1 units; mentioned outside overlays in 1 units),—,MENTION (mentioned outside overlays in 4 units),MENTION (mentioned outside overlays in 1 units),—
5,M2,Feedback & Performance Conversations,CE-L05-M02,5,Feedback and performance,G,Transfers directly,APPLICATION (main scenario in 5/5 units; overlay in 3 units),OVERLAY (overlay in 3 units),—,—,OVERLAY (overlay in 4 units),OVERLAY (overlay in 1 units),MENTION (mentioned outside overlays in 1 units),—,MENTION (mentioned outside overlays in 1 units),—,—,MENTION (mentioned outside overlays in 2 units),—,—
5,M3,Coaching Through Questions,CE-L05-M03,4,Coaching,G,Transfers directly,APPLICATION (main scenario in 3/4 units; overlay in 1 units),OVERLAY (overlay in 2 units),—,—,OVERLAY (overlay in 2 units),—,—,—,—,—,—,MENTION (mentioned outside overlays in 3 units),OVERLAY (overlay in 1 units; mentioned outside overlays in 1 units),—
5,M4,Strategic & Change Communication,CE-L05-M04,5,Change communication,G,Transfers directly,APPLICATION (main scenario in 4/5 units; overlay in 2 units),OVERLAY (overlay in 2 units; mentioned outside overlays in 2 units),—,—,OVERLAY (overlay in 2 units; mentioned outside overlays in 1 units),—,—,—,—,—,—,MENTION (mentioned outside overlays in 3 units),—,—
5,M5,Leading Meetings & Decisions,CE-L05-M05,5,Chairing and decisions,G,Transfers directly,"APPLICATION (main scenario in 4/5 units; overlay in 0 units, 1 labelled items)","OVERLAY (overlay in 2 units, 2 labelled items)","OVERLAY (overlay in 1 units, 1 labelled items)","OVERLAY (overlay in 2 units, 2 labelled items)","OVERLAY (overlay in 1 units, 1 labelled items)",—,—,"OVERLAY (overlay in 1 units, 1 labelled items)","OVERLAY (overlay in 1 units, 1 labelled items)",MENTION (mentioned outside overlays in 1 units),—,"OVERLAY (overlay in 2 units, 1 labelled items; mentioned outside overlays in 2 units)",—,—
5,M6,Executive Presentation Skills,CE-L05-M06,4,Executive presentations,G,Transfers directly,"APPLICATION (main scenario in 4/4 units; overlay in 3 units, 3 labelled items)","OVERLAY (overlay in 3 units, 2 labelled items; mentioned outside overlays in 1 units)","OVERLAY (overlay in 2 units, 2 labelled items; mentioned outside overlays in 1 units)","OVERLAY (overlay in 1 units, 1 labelled items)","OVERLAY (overlay in 1 units, 1 labelled items)",—,—,MENTION (mentioned outside overlays in 1 units),—,—,—,OVERLAY (overlay in 2 units; mentioned outside overlays in 4 units),—,—
5,M7,Career Growth Communication,CE-L05-M07,6,Job seeking and career,H,"CV, interview and salary conventions vary by industry","APPLICATION (main scenario in 5/6 units; overlay in 2 units, 2 labelled items)","OVERLAY (overlay in 6 units, 6 labelled items)","OVERLAY (overlay in 6 units, 6 labelled items)","OVERLAY (overlay in 0 units, 2 labelled items)","OVERLAY (overlay in 2 units, 2 labelled items; mentioned outside overlays in 1 units)",—,—,—,—,OVERLAY (overlay in 1 units; mentioned outside overlays in 3 units),—,MENTION (mentioned outside overlays in 5 units),OVERLAY (overlay in 2 units),—
5,M8,Building a Personal Leadership Voice,CE-L05-M08,4,Leadership voice,G,Transfers directly,APPLICATION (main scenario in 3/4 units; overlay in 1 units),—,OVERLAY (overlay in 1 units),OVERLAY (overlay in 1 units),—,—,—,—,MENTION (mentioned outside overlays in 2 units),—,—,—,MENTION (mentioned outside overlays in 1 units),—
5,Assessment,Level 5 Assessment,CE-L05-ASSESSMENT,1,Level 5 assessment,J,Assessment/capstone: needs industry-specific assessment forms,MENTION (mentioned outside overlays in 1 units),—,MENTION (mentioned outside overlays in 1 units),—,—,—,—,—,—,—,—,MENTION (mentioned outside overlays in 1 units),—,—
5,Capstone,The Handover,CE-L05-CAPSTONE,1,Level 5 capstone,J,Assessment/capstone: needs industry-specific assessment forms,APPLICATION (main scenario in 1/1 units),—,MENTION (mentioned outside overlays in 1 units),—,—,—,—,—,—,—,—,MENTION (mentioned outside overlays in 1 units),—,—
