ID,Scope code,Role family,Family group,Role core: communication requirements,Core modules (domain),Leadership core modules added by seniority (within this family),Roles in universe,Seniority span (codes),Example roles
RFM-0001,SALE,Sales,A Frontline commerce & customer service,greet; discover needs; explain; recommend; handle objections; negotiate; close; follow up; handle complaints,CM-01 Workplace basics; CM-02 Customer service; CM-03 Selling; CM-04 Transactions & payment; CM-09 Office & digital communication,CM-10; CM-11,20,TRN → AST → EXE → SNR → MGR → HOD,Sales Executive; Sales Manager; Field Sales Executive; Car Sales Executive; Two-Wheeler Sales Executive; Medical Representative; FMCG Sales Representative; Real Estate Sales Executive
RFM-0002,RTLF,Retail & shop floor,A Frontline commerce & customer service,greet; help find; explain product; size/price/quantity; billing; exchange/returns; complaints,CM-01 Workplace basics; CM-02 Customer service; CM-03 Selling; CM-04 Transactions & payment,CM-10; CM-11,13,AST → EXE → PRO → SUP → MGR,Small Shop Salesperson; Shopping Mall Sales Associate; Clothing Salesperson; Footwear Salesperson; Supermarket Associate; Cashier; Stock Associate; Visual Merchandiser
RFM-0003,MKTV,Market & street vending,A Frontline commerce & customer service,attract customers; price and quantity; bargaining; weighing/measuring; payment and change; regular customers,CM-01 Workplace basics; CM-03 Selling; CM-04 Transactions & payment,CM-12,10,AST → OWN,Street Vendor; Vegetable Seller; Fruit Seller; Fish Seller; Meat Seller; Flower Seller; Street Food Vendor; Tea Stall Owner
RFM-0004,WHTR,Wholesale & trading,A Frontline commerce & customer service,orders; rates; credit terms; dispatch; payment follow-up; supplier calls,CM-01 Workplace basics; CM-03 Selling; CM-04 Transactions & payment; CM-09 Office & digital communication,CM-12,4,AST → SNR → OWN,Wholesale Trader; Wholesale Sales Assistant; Commission Agent (Market); Import-Export Coordinator
RFM-0005,CSV,Customer service,A Frontline commerce & customer service,welcome; listen; inform; resolve; apologise; escalate; close,CM-01 Workplace basics; CM-02 Customer service; CM-09 Office & digital communication,CM-10; CM-11,6,EXE → SNR → MGR,Customer Service Executive; Customer Care Representative (Counter); Help Desk Executive; Complaints Officer; After-Sales Service Coordinator; Customer Service Manager
RFM-0006,CNTC,Contact centre,A Frontline commerce & customer service,call opening; verification; troubleshooting; hold/transfer; de-escalation; closing; ticket notes,CM-01 Workplace basics; CM-02 Customer service; CM-09 Office & digital communication,CM-10; CM-11,8,EXE → PRO → HOD,Customer Support Associate (Voice); Chat & Email Support Associate; Technical Support Associate; Collections Executive; Telecaller; Workforce / Real-Time Analyst; Process Trainer; Contact Centre Manager
RFM-0007,FO,Front office & reception,"D Hospitality, food & travel services",welcome; check-in/registration; information; telephone; requests; complaints; handover,CM-01 Workplace basics; CM-02 Customer service; CM-04 Transactions & payment; CM-09 Office & digital communication,CM-10; CM-11,9,AST → EXE → SUP → MGR,Front Office Executive; Front Office Supervisor; Front Office Manager; Receptionist; Concierge; Bell Desk Associate; Reservations Executive; Guest Relations Executive
RFM-0008,FNB,Food & beverage service,"D Hospitality, food & travel services",welcome; seating; menu explanation; orders; service; bill; complaints; briefing,CM-01 Workplace basics; CM-02 Customer service; CM-03 Selling; CM-04 Transactions & payment,CM-10; CM-11; CM-12,13,AST → EXE → SUP → MGR → HOD → OWN,Restaurant Captain; Restaurant Supervisor; Restaurant Manager; F&B Manager; Waiter / Server; Bartender; Barista; Restaurant Host
RFM-0009,KTCH,Kitchen & culinary,"D Hospitality, food & travel services",orders from service; prep instructions; hygiene; shortages; handover,CM-01 Workplace basics; CM-07 Technical work & safety; CM-08 Operations & reporting,CM-10; CM-11; CM-12,7,AST → EXE → SNR → SUP → AM → HOD → OWN,Kitchen Helper; Cook; Chef de Partie; Sous Chef; Executive Chef; Catering Supervisor; Home Food Business Owner
RFM-0010,HSKP,Housekeeping & cleaning,"D Hospitality, food & travel services",room/area status; requests; reporting damage; lost and found; checklists,CM-01 Workplace basics; CM-02 Customer service; CM-07 Technical work & safety; CM-08 Operations & reporting,CM-10; CM-11,7,AST → SUP → MGR,Housekeeping Supervisor; Housekeeping Manager; Room Attendant; Public Area Attendant; Laundry Attendant; Hospital Housekeeping Associate; Office Housekeeper
RFM-0011,TRVF,Travel & tourism services,"D Hospitality, food & travel services",enquiries; itineraries; bookings; guiding groups; disruptions; complaints,CM-01 Workplace basics; CM-02 Customer service; CM-03 Selling; CM-09 Office & digital communication,CM-12,7,EXE → PRO → SNR → OWN,Travel Consultant; Tour Guide; Tour Manager; Ticketing Executive; Visa Assistance Executive; Tour Operations Executive; Homestay Host
RFM-0012,AVNF,Aviation services,"D Hospitality, food & travel services",check-in; boarding; announcements (SOP); disruption; baggage; assistance,CM-01 Workplace basics; CM-02 Customer service; CM-07 Technical work & safety,CM-10; CM-11,8,AST → EXE → SUP → MGR,Airline Check-in Agent; Gate Agent; Cabin Crew; Ground Handling Staff; Baggage Services Agent; Airport Customer Service Agent; Airport Duty Officer; Airline Station Manager
RFM-0013,FLDW,Field work & surveys,"B Field, mobile & delivery work",introduce purpose; ask permission; survey questions; verify documents; record; handle refusal; report,CM-01 Workplace basics; CM-05 Field & public interaction; CM-08 Operations & reporting,CM-10,8,EXE → SUP,Survey Enumerator; Field Supervisor (Surveys); Field Officer; Market Research Field Executive; Census Enumerator; Field Verification Officer; Retail Merchandiser (Field); Automobile Field Executive
RFM-0014,DLVR,Delivery & last mile,"B Field, mobile & delivery work",pickup; address confirmation; calls on arrival; delays; wrong/missing items; proof of delivery; app support,CM-01 Workplace basics; CM-04 Transactions & payment; CM-06 Delivery & mobility,CM-10,8,AST → EXE → SUP,Food Delivery Executive; Parcel Delivery Executive; Newspaper Delivery Person; Milk Delivery Person; Gas Cylinder Delivery Person; Water Can Delivery Person; Delivery Hub Supervisor; Dispatch Coordinator
RFM-0015,DRVR,Driving & transport,"B Field, mobile & delivery work",passenger/customer greeting; route and directions; fares; delays; vehicle issues; safety,CM-01 Workplace basics; CM-04 Transactions & payment; CM-06 Delivery & mobility; CM-07 Technical work & safety,CM-10; CM-12,8,AST → EXE → SUP → OWN,Car Driver; Taxi / Ride-Hailing Driver; Auto-Rickshaw Driver; Truck Driver; Bus Driver; Bus Conductor; School Bus Attendant; Fleet Supervisor
RFM-0016,LOGF,Logistics & supply chain,"C Operations, trades & production",status updates; scheduling; documentation; delays; carrier/supplier coordination,CM-01 Workplace basics; CM-08 Operations & reporting; CM-09 Office & digital communication,CM-10; CM-11,6,EXE → PRO → SNR → MGR,Logistics Coordinator; Shipping Documentation Executive; Supply Chain Planner; Transport Planner; Logistics Manager; Customs Clearance Assistant
RFM-0017,WHSF,Warehouse & stores,"C Operations, trades & production",receiving; picking; packing; stock counts; discrepancies; safety; shift handover,CM-01 Workplace basics; CM-07 Technical work & safety; CM-08 Operations & reporting,CM-10; CM-11,7,AST → EXE → PRO → SUP → MGR,Warehouse Supervisor; Warehouse Associate; Storekeeper; Inventory Controller; Forklift Operator; Loading Helper; Warehouse Manager
RFM-0018,PROC,Procurement,H Business functions,requirements; quotations; negotiation; purchase orders; supplier follow-up; supplier performance,CM-01 Workplace basics; CM-08 Operations & reporting; CM-09 Office & digital communication,CM-10; CM-11,4,AST → EXE → MGR,Procurement Executive; Procurement Manager; Purchase Assistant; Vendor Development Executive
RFM-0019,AUTF,Automotive sales & service,"C Operations, trades & production",service booking; explaining repairs and estimates; vehicle handover; inspections; after-sales,CM-01 Workplace basics; CM-02 Customer service; CM-03 Selling; CM-07 Technical work & safety,CM-10; CM-11,4,EXE → MGR,Service Advisor (Automotive); Spare Parts Executive; Showroom Manager (Automotive); Workshop Manager
RFM-0020,MECH,Mechanical & vehicle repair,"C Operations, trades & production",understand the problem; explain fault and cost; ask approval; safety; handover,CM-01 Workplace basics; CM-07 Technical work & safety,CM-10,5,EXE → SUP,Automobile Technician; Two-Wheeler Mechanic; Body Shop Technician; Workshop Supervisor; Roadside Assistance Technician
RFM-0021,TRDF,Technical trades,"C Operations, trades & production",understand the problem; explain work and cost; permission; safety; job completion; follow-up,CM-01 Workplace basics; CM-04 Transactions & payment; CM-07 Technical work & safety,,12,EXE,Electrician; Plumber; AC & Appliance Technician; Mobile Phone Repair Technician; Carpenter; Painter (Building); Welder; Field Service Technician
RFM-0022,CNSF,Construction,"C Operations, trades & production",instructions; safety; materials; progress; problems on site; reporting,CM-01 Workplace basics; CM-07 Technical work & safety; CM-08 Operations & reporting,CM-10; CM-11; CM-12,8,AST → EXE → PRO → SUP → MGR → OWN,Construction Worker; Mason; Site Supervisor; Site Engineer; Construction Project Manager; Safety Officer; Quantity Surveyor; Building Contractor
RFM-0023,ENGR,Engineering,"C Operations, trades & production",technical explanation; specifications; reviews; reports; coordination,CM-01 Workplace basics; CM-08 Operations & reporting; CM-09 Office & digital communication,,5,PRO,Mechanical Engineer; Civil Engineer; Electrical Engineer; Design Engineer; Project Engineer
RFM-0024,PROD,Production & manufacturing,"C Operations, trades & production",shift handover; instructions; targets; defects; breakdowns; safety,CM-01 Workplace basics; CM-07 Technical work & safety; CM-08 Operations & reporting,CM-10; CM-11; CM-12,8,AST → EXE → PRO → SUP → MGR → DIR,Production Supervisor; Machine Operator; Production Line Worker; Garment Worker / Tailor; Packing Operator; Production Planner; Production Manager; Plant Manager
RFM-0025,QLTY,Quality,"C Operations, trades & production",inspection; non-conformance; feedback; audits; reports,CM-01 Workplace basics; CM-08 Operations & reporting; CM-09 Office & digital communication,CM-10; CM-11,5,EXE → PRO → MGR,Quality Analyst; Quality Inspector; Quality Engineer; Quality Manager; Food Safety Officer
RFM-0026,MAINT,Maintenance & facilities,"C Operations, trades & production",requests; fault reports; scheduling; safety; completion,CM-01 Workplace basics; CM-07 Technical work & safety; CM-08 Operations & reporting,CM-10; CM-11,4,EXE → PRO → MGR,Maintenance Engineer; Maintenance Technician; Facility Executive; Facility Manager
RFM-0027,UTLF,Utilities field operations,"B Field, mobile & delivery work",meter and site visits; outages; safety; billing queries; connections,CM-01 Workplace basics; CM-05 Field & public interaction; CM-07 Technical work & safety,,4,EXE,Electricity Lineman; Meter Reader; Utility Customer Service Officer; Water Supply Operator
RFM-0028,SECF,Security,"G Public, community & safety services",access control; visitors; patrol reports; incidents; emergencies,CM-01 Workplace basics; CM-05 Field & public interaction; CM-07 Technical work & safety,CM-10; CM-11,6,AST → EXE → PRO → SUP → MGR,Security Guard; Security Supervisor; Security Officer (Corporate); CCTV Operator; Security Manager; Fire Safety Officer
RFM-0029,AGRF,Agriculture,"C Operations, trades & production",buying inputs; selling produce; prices; advice sessions; group meetings,CM-01 Workplace basics; CM-03 Selling; CM-04 Transactions & payment,CM-12,7,AST → EXE → PRO → SNR → OWN,Farmer; Farm Worker; Agricultural Extension Worker; Agri-Input Dealer; Dairy Collection Centre Operator; Agronomist; FPO Coordinator
RFM-0030,FSHR,Fisheries,"C Operations, trades & production",catch and sale; landing-centre trade; safety at sea; buyers,CM-01 Workplace basics; CM-03 Selling; CM-04 Transactions & payment; CM-07 Technical work & safety,CM-12,3,AST → OWN,Fisher / Fishing Crew; Fish Farm Worker; Fish Landing Centre Agent
RFM-0031,ITF,Information technology,I Technology & data,tickets; user support; stand-ups; requirements; releases; incidents,CM-01 Workplace basics; CM-08 Operations & reporting; CM-09 Office & digital communication,CM-10; CM-11,12,EXE → PRO → MGR,IT Support Executive; Developer; IT / Engineering Manager; System Administrator; Network Engineer; Software Tester; DevOps Engineer; Product Manager
RFM-0032,DATF,Data & analytics,I Technology & data,data requests; data quality; reporting insights; dashboards,CM-01 Workplace basics; CM-08 Operations & reporting; CM-09 Office & digital communication,,4,AST → EXE → PRO,Data Entry Operator; MIS Executive; Data Analyst; Data Scientist
RFM-0033,BNKF,Banking,H Business functions,account services; KYC; fees; loans; disputes; fraud alerts; compliance-safe wording,CM-01 Workplace basics; CM-02 Customer service; CM-03 Selling; CM-09 Office & digital communication,CM-10; CM-11; CM-12,9,TRN → EXE → SNR → MGR → OWN,Bank Teller; Bank Customer Service Officer; Relationship Manager (Banking); Loan Officer; Microfinance Loan Officer; Banking Correspondent Agent; Branch Operations Manager; Branch Manager (Banking)
RFM-0034,FIN,Finance & accounts,H Business functions,invoices; payments; reconciliation; queries; reports; budgets,CM-01 Workplace basics; CM-08 Operations & reporting; CM-09 Office & digital communication,CM-10; CM-11; CM-12,8,AST → EXE → PRO → MGR → DIR,Accountant; Finance Manager; Accounts Assistant; Accounts Payable Executive; Internal Auditor; Tax Consultant; Chartered Accountant; Chief Financial Officer
RFM-0035,INSF,Insurance,H Business functions,explaining cover; claims; renewals; documents; disclosures,CM-01 Workplace basics; CM-02 Customer service; CM-03 Selling; CM-09 Office & digital communication,CM-10; CM-11,4,EXE → PRO → MGR,Insurance Advisor; Claims Executive; Underwriter; Insurance Branch Manager
RFM-0036,HR,Human resources,H Business functions,recruitment; interviews; onboarding; employee queries; performance; grievances; policy communication,CM-01 Workplace basics; CM-09 Office & digital communication,CM-10; CM-11; CM-12,7,AST → EXE → SNR → MGR → DIR,HR Executive; HR Manager; Recruiter; HR Assistant; Payroll Executive; HR Business Partner; HR Director
RFM-0037,ADMN,Administration,H Business functions,scheduling; office requests; records; visitors; coordination,CM-01 Workplace basics; CM-09 Office & digital communication,CM-10; CM-11,4,AST → EXE → SNR → MGR,Administrative Executive; Office Manager; Office Assistant; Executive Assistant
RFM-0038,LGLF,Legal & compliance,H Business functions,client intake; explaining process (not advice); documents; deadlines,CM-01 Workplace basics; CM-02 Customer service; CM-09 Office & digital communication,,3,EXE → PRO,Advocate / Lawyer; Legal Assistant; Compliance Officer
RFM-0039,MKTG,Marketing & advertising,"J Media, marketing & creative",briefs; campaigns; promotions; client presentations; reports,CM-01 Workplace basics; CM-03 Selling; CM-09 Office & digital communication,CM-10; CM-11,8,EXE → MGR → HOD,Marketing Executive; Marketing Manager; Digital Marketing Executive; Social Media Executive; Brand Manager; Advertising Account Executive; Public Relations Executive; Marketing Head
RFM-0040,MEDF,Media & journalism,"J Media, marketing & creative",interviews; sourcing; reporting; editing; on-air delivery,CM-01 Workplace basics; CM-05 Field & public interaction; CM-09 Office & digital communication,CM-10; CM-11,5,EXE → PRO → MGR,Journalist / Reporter; News Editor; Camera Operator; News Anchor; Radio Jockey
RFM-0041,CRTV,Creative & design,"J Media, marketing & creative",briefs; concepts; feedback; revisions; client approval,CM-01 Workplace basics; CM-02 Customer service; CM-09 Office & digital communication,,4,PRO,Graphic Designer; Photographer; Video Editor; Content Writer
RFM-0042,EVTF,Events,"J Media, marketing & creative",client needs; vendors; schedules; on-the-day coordination; problems,CM-01 Workplace basics; CM-02 Customer service; CM-08 Operations & reporting,CM-10; CM-11; CM-12,4,EXE → MGR → OWN,Event Coordinator; Event Manager; Wedding Planner; Decorator
RFM-0043,MEDC,Medical (doctors & dentists),E Health & care,patient communication; history taking (communication only); explaining; colleagues; handover,CM-01 Workplace basics; CM-14 Care & patient communication (non-clinical),,3,PRO,Doctor; Dentist; Medical Officer (Public Health)
RFM-0044,NRSF,Nursing & care,E Health & care,patient care communication; instructions; handover; families; read-back,CM-01 Workplace basics; CM-14 Care & patient communication (non-clinical),CM-10,5,AST → PRO → SUP,Staff Nurse; Hospital Assistant; Home Care Nurse; Midwife; Nursing Supervisor
RFM-0045,OPTF,Optical & eye care,E Health & care,patient/customer intake; eye-test communication; explaining lenses/frames; follow-up,CM-01 Workplace basics; CM-02 Customer service; CM-03 Selling; CM-14 Care & patient communication (non-clinical),CM-10; CM-11,4,EXE → PRO → MGR,Optometrist; Optical Sales Associate; Ophthalmic Assistant; Optical Store Manager
RFM-0046,PHRF,Pharmacy,E Health & care,counter service; prescription queries; availability; instructions as labelled; referral,CM-01 Workplace basics; CM-02 Customer service; CM-04 Transactions & payment; CM-14 Care & patient communication (non-clinical),CM-10; CM-11,3,AST → PRO → MGR,Pharmacist; Pharmacy Assistant; Pharmacy Store Manager
RFM-0047,LABF,Laboratory & diagnostics,E Health & care,sample collection instructions; reports timing; patient queries; quality,CM-01 Workplace basics; CM-14 Care & patient communication (non-clinical),CM-10; CM-11,3,EXE → PRO → MGR,Laboratory Technician; Phlebotomist / Sample Collection Executive; Laboratory Manager
RFM-0048,HCAD,Healthcare administration,E Health & care,registration; appointments; billing/insurance; records; complaints,CM-01 Workplace basics; CM-02 Customer service; CM-09 Office & digital communication; CM-14 Care & patient communication (non-clinical),CM-10; CM-11,5,EXE → SNR → MGR,Patient Services Executive; Healthcare Administrator; Clinic Coordinator; Medical Records Officer; Hospital Billing & Insurance Executive
RFM-0049,TEACH,Teaching,F Education & training,classroom instructions; explaining; checking understanding; correction; feedback; parents; colleagues,CM-01 Workplace basics; CM-13 Teaching & training,CM-10; CM-11; CM-12,13,PRO → SNR → AM → HOD → DIR → OWN,School Teacher; Senior Teacher; Subject Coordinator; Academic Coordinator; Head Teacher; Principal; Academic Director; Vice Principal
RFM-0050,EDAD,Education administration,F Education & training,admissions; parent enquiries; fees; records; exams; notices,CM-01 Workplace basics; CM-02 Customer service; CM-09 Office & digital communication,CM-10; CM-11,5,AST → EXE → SNR → MGR → HOD,School Administrator; Admissions Counsellor; School Office Assistant; Examinations Coordinator; College Registrar
RFM-0051,TRNG,Training & L&D,F Education & training,training sessions; instructions; assessment; feedback,CM-01 Workplace basics; CM-13 Teaching & training,CM-10; CM-11,5,PRO → MGR,Trainer; Corporate Trainer; Vocational Instructor; Training Manager; Driving Instructor
RFM-0052,PUBS,Public service & citizen services,"G Public, community & safety services",public enquiries; procedures and eligibility; documents; forms; complaints; field visits,CM-01 Workplace basics; CM-02 Customer service; CM-05 Field & public interaction; CM-15 Public procedures,CM-12,10,EXE → PRO → OWN,Government Office Assistant; Citizen Service Centre Operator; Local Government Officer; Postal Assistant; Postman; Ration Shop Dealer; Community Health Worker; Anganwadi Worker
RFM-0053,ELCT,Election administration,"G Public, community & safety services","door-to-door verification; forms; public enquiries; polling-day procedures; reporting (neutral, procedure-accurate)",CM-01 Workplace basics; CM-05 Field & public interaction; CM-15 Public procedures,CM-10,5,EXE → SUP,Booth Level Officer; BLO Supervisor; Polling Officer; Presiding Officer; Electoral Registration Assistant
RFM-0054,NGOF,NGO & community work,"G Public, community & safety services",community meetings; awareness sessions; field visits; reporting; donors,CM-01 Workplace basics; CM-05 Field & public interaction; CM-13 Teaching & training,CM-10; CM-11,6,EXE → PRO → SNR → MGR,Community Mobiliser; Social Worker; Programme Officer; Programme Manager (NGO); Volunteer Coordinator; Fundraising Executive
RFM-0055,BEAF,Beauty & wellness,A Frontline commerce & customer service,consultation; explaining services; appointments; aftercare; complaints,CM-01 Workplace basics; CM-02 Customer service; CM-03 Selling; CM-04 Transactions & payment,CM-10; CM-11,6,EXE → PRO → MGR,Beautician; Hairdresser / Barber; Spa Therapist; Salon Manager; Makeup Artist; Beauty Advisor
RFM-0056,SPRF,Sports & fitness,"G Public, community & safety services",coaching instructions; feedback; schedules; members/parents; events,CM-01 Workplace basics; CM-13 Teaching & training,CM-10; CM-11,7,EXE → PRO → MGR,Fitness Trainer; Yoga Instructor; Sports Coach; Cricket Coach; Sports Event Coordinator; Club / Academy Manager; Gym Manager
RFM-0057,DOMF,Domestic & personal services,"B Field, mobile & delivery work",employer instructions; household tasks; schedules; permission; problems; safety,CM-01 Workplace basics; CM-07 Technical work & safety,,4,AST → EXE,Domestic Worker; Home Cook; Caregiver / Elder Care Attendant; Nanny / Babysitter
RFM-0058,SANF,Sanitation & waste,"C Operations, trades & production",collection schedules; residents' requests; safety; reporting problems,CM-01 Workplace basics; CM-07 Technical work & safety,CM-10,4,AST → SUP,Sanitation Worker; Waste Collector; Recycling Centre Worker; Sanitation Supervisor
RFM-0059,OPS,Operations management,"K Management, leadership & ownership",planning; coordination; performance; escalation; reporting,CM-01 Workplace basics; CM-08 Operations & reporting; CM-09 Office & digital communication,CM-10; CM-11,6,EXE → SUP → MGR → HOD,Operations Executive; Operations Manager; Team Leader; Project Manager; Shift Supervisor; Operations Head
RFM-0060,MGMT,General management,"K Management, leadership & ownership",business reviews; department coordination; decisions; stakeholders,CM-08 Operations & reporting; CM-09 Office & digital communication,CM-10; CM-11; CM-12,4,MGR → HOD → DIR,General Manager; Area Manager; Regional Manager; Branch Head
RFM-0061,LEAD,Executive leadership,"K Management, leadership & ownership",strategy; boards; change; public representation,CM-09 Office & digital communication,CM-11; CM-12,2,DIR → MD,Director; Managing Director
RFM-0062,ENTR,Entrepreneurship & small business,"K Management, leadership & ownership",explaining the business; customers; suppliers; hiring; pitching; partners,CM-03 Selling; CM-09 Office & digital communication,CM-12,6,OWN,Founder / Entrepreneur; Small Business Owner; Start-up Founder; Franchise Owner; Freelancer; Self-Help Group Entrepreneur
