check,unit,pdf_page,flag,context,note
layout,CE-L02-M05-L02,262,text outside margin,EXPRESSION FUNCTION REGISTER,x 56–578
layout,CE-L02-M05-L02,263,text outside margin,EXPRESSION FUNCTION REGISTER,x 56–578
text,CE-L01-M03-L01,69–74,unbalanced brackets,"Suggested answer: 1) Morning! / 2) Good morning, sir. / Good morning, ma'am. / 3) Good morning. (or ""Morning!"" once you know them a little better)",
text,CE-L01-M04-L02,92–95,unbalanced brackets,"Suggested answer: 1) ""So you'd like me to...?"" 2) ""Just to confirm, I should..."" 3) ""Got it — I'll...""",
text,CE-L01-M06-L03,127–130,unbalanced brackets,"Suggested answer: 1) 8 AM. 2) Confirm with their team lead, by end of day.",
text,CE-L01-M07-L03,152–156,repeated word,"ersion): Oh no, I'm so sorry, I really can't, I'm really really sorry about this, I feel terrible.   Arif (✅ prof",
text,CE-L01-M07-L03,152–156,repeated word,"ogetic: ""Oh no, I'm so sorry, I really can't, I'm really really sorry about this, I feel terrible."" — the apology",
text,CE-L03-M03-L01,409–413,unbalanced brackets,"Suggested answer: ""The purpose of this meeting is to agree on our rollout plan for the new online check-in process. We'll meet Thursday at 10:00 AM (30 minutes)",
text,CE-L03-M03-L01,409–413,unbalanced brackets,"Suggested answer: ""The purpose of this meeting is to decide whether to move our shift-handover log from paper to a shared digital document. We'll meet Tuesday a",
text,CE-L03-M03-L05,428–431,unbalanced brackets,Suggested answer: 1) Update the training schedule — owner: Priyanka — deadline: Monday. 2) Brief the front desk team on the new flow — owner: Hasan — deadline: ,
text,CE-L04-M04-L01,702–707,unbalanced quotes,"""Okay — let me think about this out loud. There are really two issues here. One is whether we can physically fit both bookings without either one suffering. The",
text,CE-L04-M04-L01,702–707,unbalanced quotes,"So, actually, thinking about it out loud, the space conflict might be smaller than it first looked — if Crescent Trading agrees to the Garden Suite instead of t",
text,CE-L04-M04-L03,714–719,unbalanced quotes,"""Quick update on next week's coverage plan. We've decided to go with a mixed approach — one agency staff member for the two busiest check-in blocks, and Mina fr",
text,CE-L04-M04-L03,714–719,unbalanced quotes,"What this means going forward is Mina's shift moves to 1:00–5:00 PM at the front desk next Tuesday through Friday, and the agency person will be with us from 7:",
text,CE-L04-M04-L04,720–726,unbalanced quotes,"""Okay. There are really two issues here. One is how we cover linens for those two days without deliveries. The other is whether we can still trust this vendor f",
text,CE-L04-M04-L04,720–726,unbalanced quotes,"So — we've decided to split coverage: the backup vendor for Wednesday, the sister property for Thursday. The reasoning behind this is it protects Thursday, our ",
text,CE-L04-M05-L04,745–750,repeated word," left a bad review over a long queue, and checked in in ninety seconds instead.""   Healthcare admin: ""Let",
text,CE-L05-M05-L05,965–969,repeated word,schedule — because the front desk opens for check-in in forty minutes. Everything this module has built c,
