check,severity,location,detail,assessment,action
Text,Medium,CE-L01-M07-L02,"Only 97.3% of the source's 5-word sequences found in PDF pp. 147–151; e.g. ['arif polite and confident same', 'polite and confident same request', 'and confident same request could']","Not a defect: speaker labels with descriptions wrap over several lines in the dialogue's label column (checked on p. 148), so the extracted line order differs. All text is present.",None
Text,Medium,CE-L01-M07-L03,"Only 97.1% of the source's 5-word sequences found in PDF pp. 152–156; e.g. ['arif weak agreement umm okay', 'weak agreement umm okay i', 'agreement umm okay i guess']","Not a defect: wrapped dialogue speaker labels (""Arif (weak agreement):""), as on p. 148.",None
Text,Medium,CE-L02-M08-L02,"Only 96.2% of the source's 5-word sequences found in PDF pp. 318–322; e.g. ['ms noor chat sharing the', 'noor chat sharing the draft', 'chat sharing the draft schedule']","Not a defect: wrapped dialogue speaker labels (""Ms. Noor (chat):"").",None
Text,Medium,CE-L02-CAPSTONE,"Only 97.6% of the source's 5-word sequences found in PDF pp. 339–347; e.g. ['ms fatima noor morning arif', 'fatima noor morning arif how', 'noor morning arif how s']","Not a defect: wrapped dialogue speaker labels (""Ms. Fatima Noor:"").",None
Text,Medium,CE-L03-M04-L03,"Only 98.2% of the source's 5-word sequences found in PDF pp. 447–451; e.g. ['arif presenting brings up a', 'presenting brings up a second', 'arif presenting evening shift response']","Not a defect: wrapped dialogue speaker labels (""Arif (presenting):"").",None
Text,Medium,CE-L03-M04-L04,"Only 97.2% of the source's 5-word sequences found in PDF pp. 452–456; e.g. ['arif presenting so that s', 'presenting so that s where', 'arif presenting transition pat 0072']","Not a defect: wrapped dialogue speaker labels (""Arif (presenting, transition):"").",None
Text,Medium,CE-L03-M08-L04,"Only 98.4% of the source's 5-word sequences found in PDF pp. 566–570; e.g. ['good after noon everyone pause', 'after noon everyone pause i', 'noon everyone pause i ll']","Not a defect: stress marking in the source (after<strong>NOON</strong>) splits the word for this comparison; the page shows ""afterNOON"".",None
Text,Medium,CE-L04-M05-L04,"Only 98.0% of the source's 5-word sequences found in PDF pp. 745–750; e.g. ['arif presenting let me start', 'presenting let me start with', 'arif presenting at a high']","Not a defect: wrapped dialogue speaker labels (""Arif (presenting):"").",None
Text,Medium,CE-L04-ASSESSMENT,"Only 97.6% of the source's 5-word sequences found in PDF pp. 840–846; e.g. ['what is known and is', 'is known and is honest', 'known and is honest about']","Not a defect: the Part C answer is printed in two columns (checked on p. 846), so extracted lines interleave.",None
