Form,Unit,Lesson,Section,PDF Page,Context,Classification
"to hand (British idiom: 'available, with me')",CE-L03-M04-L05,Level 3 · Lesson 4.5,body,457,"…s acknowledge → defer → commit : acknowledge the question, say you don't have that figure to hand, and commit to a specific way and time you'll fol…",HOUSE STYLE / BRITISH ENGLISH DECISION
"to hand (British idiom: 'available, with me')",CE-L03-M04-L05,Level 3 · Lesson 4.5,body,458,"…-0075] That's a fair question, Dr. Rahman. I don't have the exact cost breakdown by shift to hand, but I'll pull those numbers together with Ms. No…",HOUSE STYLE / BRITISH ENGLISH DECISION
"to hand (British idiom: 'available, with me')",CE-L03-M04-L05,Level 3 · Lesson 4.5,body,458,"…hat I mentioned about... Bridges to earlier content Professional I don't have that figure to hand, but I'll follow up by... Defers honestly, with a…",HOUSE STYLE / BRITISH ENGLISH DECISION
"to hand (British idiom: 'available, with me')",CE-L03-M04-L05,Level 3 · Lesson 4.5,body,458,"…ment] ""That's a fair question, Dr. Rahman. I don't have the exact cost breakdown by shift to hand, but I'll pull those numbers together and send th…",HOUSE STYLE / BRITISH ENGLISH DECISION
"to hand (British idiom: 'available, with me')",CE-L03-M04-L05,Level 3 · Lesson 4.5,body,459,"…around... maybe sixty percent? Somewhere in that range."" ✅ ""I don't have the exact figure to hand, but I'll check and get back to you by end of day…",HOUSE STYLE / BRITISH ENGLISH DECISION
"to hand (British idiom: 'available, with me')",CE-L03-M04-L05,Level 3 · Lesson 4.5,body,460,"…eliable number Composed and honest (✅) ""That's a fair question — I don't have that figure to hand, but I'll follow up by tomorrow."" Preserves trust…",HOUSE STYLE / BRITISH ENGLISH DECISION
"to hand (British idiom: 'available, with me')",CE-L03-M04-L05,Level 3 · Lesson 4.5,body,460,"…dmin: ""That's a fair question about no-show rates by department — I don't have that split to hand, but I'll pull it together this week."" Self-Check…",HOUSE STYLE / BRITISH ENGLISH DECISION
"to hand (British idiom: 'available, with me')",CE-L03-M04-L05,Level 3 · Lesson 4.5,body,460,"… choice. Why is a confident guess more dangerous than an honest ""I don't have that figure to hand""? Describe the five moves of CF-0012 in your own …",HOUSE STYLE / BRITISH ENGLISH DECISION
on hand (US/international equivalent),CE-L03-M04-L05,Level 3 · Lesson 4.5,body,460,"…t I'll follow up by tomorrow."" Preserves trust and credibility, even without every answer on hand Industry Overlays Retail: ""That's a good question…",Reference (alternative already used in the book)
"to hand (British idiom: 'available, with me')",CE-L03-M04-L05,Level 3 · Lesson 4.5,practice,461,"…ost-per-shift gets a deferral (PAT-0075), because Arif genuinely doesn't have that figure to hand — guessing would risk misleading a staffing decis…",HOUSE STYLE / BRITISH ENGLISH DECISION
"to hand (British idiom: 'available, with me')",CE-L04-M05-L02,Level 4 · Lesson 5.2,body,734,"…tly (acknowledge → bridge → answer, PAT-0074), or defer it honestly when the figure isn't to hand (acknowledge → defer → commit, PAT-0075). Both of…",HOUSE STYLE / BRITISH ENGLISH DECISION
"to hand (British idiom: 'available, with me')",CE-L05-M07-L02,Level 5 · Lesson 7.2,practice,1006,"… time, and what I took away from that was the value of keeping a backup supplier's number to hand."" 4. What to listen/look for: Uses the full Situa…",HOUSE STYLE / BRITISH ENGLISH DECISION
