Style,Date text,Unit,Lesson,Section,PDF Page,Context
Ordinal day only (the 15th),the 14th,CE-L03-M01-L04,Level 3 · Lesson 1.4,body,366,"…ur folio and confirmed the error: the room charge was posted twice on the 14th. That's on us, and I've already submitted a refund for the duplicate …"
Ordinal day only (the 15th),the 14th,CE-L03-M01-L04,Level 3 · Lesson 1.4,body,366,"…ur folio and confirmed the error: the room charge was posted twice on the 14th. That's on us, and I've already submitted a refund for the duplicate …"
Ordinal day only (the 15th),the 20th,CE-L03-M01-L06,Level 3 · Lesson 1.6,body,377,"…tails: Mr. Sarkar is a Gold-tier member, and he has a stay booked for the 20th-22nd of next month. Let me know if you need anything else to approve …"
Ordinal day only (the 15th),the 20th,CE-L03-M01-L06,Level 3 · Lesson 1.6,body,377,… the complimentary late checkout is approved for Mr. Sarkar's stay on the 20th. Please add a note to his profile so the front desk has it on file. N…
Ordinal day only (the 15th),the 20th,CE-L03-M01-L06,Level 3 · Lesson 1.6,body,377,"…tails: Mr. Sarkar is a Gold-tier member, and he has a stay booked for the 20th-22nd of next month."" (staying anchored to the same subject, adding on…"
Day Month (UK: 12 March),14 June,CE-L03-M03-L06,Level 3 · Lesson 3.6,practice,436,…if. Key decisions: BrightPath Training will run the one-day course on 14 June. Action items: Priyanka — book the conference room — by Wednesday; Ha…
Day Month (UK: 12 March),Friday 14 May,CE-L04-M01-L05,Level 4 · Lesson 1.5,practice,644,"…anding, and let me know if the contract can be ready for signature by Friday 14 May. Best regards, Arif"" What to listen/look for: The written confirmatio…"
Day Month (UK: 12 March),20 September,CE-L04-M02-L04,Level 4 · Lesson 2.4,body,664,"…d to a self-reported billing error rather than an accident: Facts: On 20 September, the Meridian Partners conference block (Reservation Group #4471) was…"
Day Month (UK: 12 March),25 September,CE-L04-M02-L04,Level 4 · Lesson 2.4,body,664,"…s 45 rooms. Impact: If uncorrected, the Meridian invoice generated on 25 September would under-bill the account by an estimated 210,000 taka (the differ…"
Day Month (UK: 12 March),23 September,CE-L04-M02-L04,Level 4 · Lesson 2.4,body,664,"…ghts). Immediate action taken: The rate code was corrected to C-14 on 23 September, the same day the error was identified. Recommendation: I recommend a…"
Day Month (UK: 12 March),12 March,CE-L04-M02-L04,Level 4 · Lesson 2.4,practice,667,"… avoiding MIS-0149's delay-and-minimize pattern. 4. Sample: Facts: On 12 March, the pickup for the Rahim family (Booking #8842) was booked for 10:00…"
Day Month (UK: 12 March),12 March,CE-L04-M02-L04,Level 4 · Lesson 2.4,practice,667,"…port. Immediate action taken: The pickup was corrected to 10:00 AM on 12 March, the same day the error was identified, and the driver confirmed. Rec…"
Ordinal day only (the 15th),the 15th,CE-L04-M07-L01,Level 4 · Lesson 7.1,body,782,"…r, Alex, a direct question: is the check-in module still on track for the 15th? Alex answers, the call moves on, and everyone leaves the call thinki…"
Ordinal day only (the 15th),the 15th,CE-L04-M07-L01,Level 4 · Lesson 7.1,body,783,…the go-live date — are we solid on the check-in module being ready by the 15th? Alex: It should be fine on our side. Ms. Fatima Noor: Any concerns w…
Ordinal day only (the 15th),the 15th,CE-L04-M07-L01,Level 4 · Lesson 7.1,body,784,…important. I'm going to send a quick private check-in before we treat the 15th as fully locked. Arif (message to Alex): Just double-checking on our …
Ordinal day only (the 15th),the 15th,CE-L04-M07-L01,Level 4 · Lesson 7.1,body,784,"…on our side — is there anything, even something small, that could put the 15th at risk? Alex (reply): Actually, yes — there's a dependency on the pa…"
Ordinal day only (the 15th),the 14th,CE-L04-M07-L01,Level 4 · Lesson 7.1,body,784,"…ly the kind of thing I'd rather hear now, privately, than find out on the 14th. Key Expressions Expression Function Register directness Names how ex…"
Ordinal day only (the 15th),the 15th,CE-L04-M07-L01,Level 4 · Lesson 7.1,body,784,"…— ""Just double-checking on our side: is there anything that could put the 15th at risk, even something small?"" — gives Alex a lower-stakes channel t…"
Ordinal day only (the 15th),the 12th,CE-L04-M07-L02,Level 4 · Lesson 7.2,body,791,"… way: a specific date, a specific number, no preamble. ""Confirmed for the 12th. Room count still pending, will send Thursday."" Short sentences. No h…"
Ordinal day only (the 15th),the 12th,CE-L04-M07-L02,Level 4 · Lesson 7.2,practice,795,"…opened with a specific date or number and no preamble (""Confirmed for the 12th. Room count still pending, will send Thursday.""). Based on this evide…"
Ordinal day only (the 15th),the 13th,CE-L04-M07-L04,Level 4 · Lesson 7.4,body,804,"…n 1) Arif: Alex, heads up — the launch date is moving up two days, to the 13th. Does that work on your end, or should we flag a risk now? Alex: Shou…"
Ordinal day only (the 15th),the 13th,CE-L04-M07-L04,Level 4 · Lesson 7.4,body,804,"…o check with you directly — the launch date is moving up two days, to the 13th. Is that realistic, or is there anything that might get in the way we…"
Ordinal day only (the 15th),the 13th,CE-L04-M07-L04,Level 4 · Lesson 7.4,body,805,"…ivately): ""Alex, heads up — the launch date is moving up two days, to the 13th. Does that work on your end, or should we flag a risk now?"" For Sam (…"
Ordinal day only (the 15th),the 13th,CE-L04-M07-L04,Level 4 · Lesson 7.4,body,804,"…o check with you directly — the launch date is moving up two days, to the 13th. Is that realistic, or is there anything that might get in the way we…"
Ordinal day only (the 15th),the 3rd,CE-L04-M08-L03,Level 4 · Lesson 8.3,body,823,"…? Arif: I've noticed a pattern where the last three support tickets — the 3rd, the 11th, and the 19th — all took more than double the response time…"
Ordinal day only (the 15th),the 11th,CE-L04-M08-L03,Level 4 · Lesson 8.3,body,823,"…'ve noticed a pattern where the last three support tickets — the 3rd, the 11th, and the 19th — all took more than double the response time our contr…"
Ordinal day only (the 15th),the 19th,CE-L04-M08-L03,Level 4 · Lesson 8.3,body,823,"…pattern where the last three support tickets — the 3rd, the 11th, and the 19th — all took more than double the response time our contract sets out. …"
Ordinal day only (the 15th),the 3rd,CE-L04-M08-L03,Level 4 · Lesson 8.3,body,824,"…""David, I've noticed a pattern where the last three support tickets — the 3rd, the 11th, and the 19th — all took more than double the response time…"
Ordinal day only (the 15th),the 11th,CE-L04-M08-L03,Level 4 · Lesson 8.3,body,823,"…'ve noticed a pattern where the last three support tickets — the 3rd, the 11th, and the 19th — all took more than double the response time our contr…"
Ordinal day only (the 15th),the 19th,CE-L04-M08-L03,Level 4 · Lesson 8.3,body,823,"…pattern where the last three support tickets — the 3rd, the 11th, and the 19th — all took more than double the response time our contract sets out. …"
Ordinal day only (the 15th),the 3rd,CE-L04-M08-L03,Level 4 · Lesson 8.3,body,824,"… be faster?"" ✅ ""I've noticed a pattern where the last three tickets — the 3rd, the 11th, and the 19th — all took more than double the agreed respon…"
Ordinal day only (the 15th),the 11th,CE-L04-M08-L03,Level 4 · Lesson 8.3,body,824,"…r?"" ✅ ""I've noticed a pattern where the last three tickets — the 3rd, the 11th, and the 19th — all took more than double the agreed response time. T…"
Ordinal day only (the 15th),the 19th,CE-L04-M08-L03,Level 4 · Lesson 8.3,body,824,"…ticed a pattern where the last three tickets — the 3rd, the 11th, and the 19th — all took more than double the agreed response time. This needs to c…"
Ordinal day only (the 15th),the 1st,CE-L05-M04-L02,Level 5 · Lesson 4.2,body,926,"…t next — training sessions next week, and the new system goes live on the 1st. Any questions before then, come find me. Key expressions Expression …"
Ordinal day only (the 15th),the 1st,CE-L05-M04-L02,Level 5 · Lesson 4.2,body,926,"…ct next: training sessions next week, and the new system goes live on the 1st."" Vocabulary V-0231 what's changing — naming the specific, concrete p…"
Ordinal day only (the 15th),the 1st,CE-L05-M04-L02,Level 5 · Lesson 4.2,body,926,"…ct next: training sessions next week, and the new system goes live on the 1st."" Industry overlays A hotel booking-system change (this lesson's main…"
Ordinal day only (the 15th),the 1st,CE-L05-M04-L02,Level 5 · Lesson 4.2,practice,926,"…ct next: training sessions next week, and the new system goes live on the 1st."" 3. Sample: ""What's changing is the shift-swap process: swaps now go…"
Ordinal day only (the 15th),the 15th,CE-L05-M04-L02,Level 5 · Lesson 4.2,practice,928,"…expect next: a ten-minute demo on Monday, and the paper book stops on the 15th."" 4. What to listen/look for: Names both what's changing and what's s…"
Ordinal day only (the 15th),the 1st,CE-L05-M04-L05,Level 5 · Lesson 4.5,body,938,"… day to day. Here's what to expect next — training next week, live on the 1st. Rima: Clear, thanks. The resistance conversation (recap of Lesson 3)…"
Ordinal day only (the 15th),the 29th,CE-L05-M05-L01,Level 5 · Lesson 5.1,body,944,…bers first? Rima: Sure — we're expecting close to full occupancy from the 29th through the 2nd. Farhan: That lines up with what the events team is t…
Ordinal day only (the 15th),the 2nd,CE-L05-M05-L01,Level 5 · Lesson 5.1,body,944,… Sure — we're expecting close to full occupancy from the 29th through the 2nd. Farhan: That lines up with what the events team is telling me too. G…
Ordinal day only (the 15th),the 31st,CE-L05-M05-L02,Level 5 · Lesson 5.2,body,950,"…refully"" is doing a lot of work in that sentence. If it goes wrong on the 31st, we have no backup. Arif: Okay — I hear both sides of this. Hasan, th…"
Ordinal day only (the 15th),the 31st,CE-L05-M05-L02,Level 5 · Lesson 5.2,body,950,"…run split shifts, with an overtime buffer on standby specifically for the 31st, so we get the savings without losing the safety net. Hasan: I still …"
Ordinal day only (the 15th),the 31st,CE-L05-M05-L02,Level 5 · Lesson 5.2,body,951,"…making: we'll run split shifts with an overtime buffer on standby for the 31st. I recognize this isn't unanimous, but I think it gives us the best b…"
Ordinal day only (the 15th),the 31st,CE-L05-M05-L03,Level 5 · Lesson 5.3,body,954,… staffing decision is made — split shifts with an overtime buffer for the 31st — but only four people were in that meeting. The rest of the front of…
Ordinal day only (the 15th),the 31st,CE-L05-M05-L03,Level 5 · Lesson 5.3,body,955,"…people feel strongly about it, we could maybe look at it again before the 31st. Events colleague: Wait — so is this actually decided, or are we stil…"
Ordinal day only (the 15th),the 31st,CE-L05-M05-L03,Level 5 · Lesson 5.3,body,955,"…it shifts for New Year's week, with an overtime buffer on standby for the 31st. The reasoning behind this is that it balances cost with reliability.…"
Ordinal day only (the 15th),the 31st,CE-L05-M05-L03,Level 5 · Lesson 5.3,body,955,"… to run split shifts for New Year's week, with an overtime buffer for the 31st. The reasoning behind this is that it balances cost with reliability.…"
Ordinal day only (the 15th),the 31st,CE-L05-M05-L03,Level 5 · Lesson 5.3,body,956,"….."" ✅ ""We've decided to run split shifts, with an overtime buffer for the 31st. I know this wasn't everyone's first choice, and that's alright. Here…"
Ordinal day only (the 15th),the 9th,CE-L05-M05-L03,Level 5 · Lesson 5.3,practice,959,"…now: update your calendars today, and the first Tuesday meeting is on the 9th."" 4. What to listen/look for: The decision and its reasoning are stat…"
