Level,Module,Unit,PDF Start Page,PDF End Page,Proofread Status,Issues Found,Corrections Made,Reviewer,Date,Approved
—,Front matter,"FRONT-MATTER — cover, edition page, contents, How to Use",1,10,PENDING,,,,,NO
1,Module 1 · Starting Work,"CE-L01-M01-L01 — Lesson 1.1: Understanding What ""Professional"" Means at Work",13,18,PENDING,,,,,NO
1,Module 1 · Starting Work,CE-L01-M01-L02 — Lesson 1.2: Talking About Your Background and Experience,19,24,PENDING,,,,,NO
1,Module 1 · Starting Work,CE-L01-M01-L03 — Lesson 1.3: Introducing Yourself Professionally,25,30,PENDING,,,,,NO
1,Module 1 · Starting Work,CE-L01-M01-L04 — Lesson 1.4: Talking About Your Job Role and Responsibilities,31,36,PENDING,,,,,NO
1,Module 1 · Starting Work,CE-L01-M01-L05 — Lesson 1.5: Building Basic Workplace Confidence,37,41,PENDING,,,,,NO
1,Module 2 · First-Day Communication,CE-L01-M02-L01 — Lesson 2.1: Arriving and Greeting on Day One,43,48,PENDING,,,,,NO
1,Module 2 · First-Day Communication,CE-L01-M02-L02 — Lesson 2.2: Meeting Your Supervisor and Team,49,53,PENDING,,,,,NO
1,Module 2 · First-Day Communication,CE-L01-M02-L03 — Lesson 2.3: Receiving Instructions and Understanding Routines,54,58,PENDING,,,,,NO
1,Module 2 · First-Day Communication,CE-L01-M02-L04 — Lesson 2.4: Finding Your Way and Asking Where Things Are,59,63,PENDING,,,,,NO
1,Module 2 · First-Day Communication,CE-L01-M02-L05 — Lesson 2.5: Ending Your First Day Professionally,64,67,PENDING,,,,,NO
1,Module 3 · Greetings & Small Talk,CE-L01-M03-L01 — Lesson 3.1: Formal and Informal Greetings,69,74,PENDING,,,,,NO
1,Module 3 · Greetings & Small Talk,CE-L01-M03-L02 — Lesson 3.2: Starting a Conversation,75,78,PENDING,,,,,NO
1,Module 3 · Greetings & Small Talk,CE-L01-M03-L03 — Lesson 3.3: Safe and Unsafe Small-Talk Topics,79,82,PENDING,,,,,NO
1,Module 3 · Greetings & Small Talk,CE-L01-M03-L04 — Lesson 3.4: Ending a Conversation Politely,83,86,PENDING,,,,,NO
1,Module 4 · Understanding Instructions,CE-L01-M04-L01 — Lesson 4.1: Listening for Key Information,88,91,PENDING,,,,,NO
1,Module 4 · Understanding Instructions,CE-L01-M04-L02 — Lesson 4.2: Confirming and Repeating Instructions,92,95,PENDING,,,,,NO
1,Module 4 · Understanding Instructions,"CE-L01-M04-L03 — Lesson 4.3: Understanding Priorities, Sequence and Deadlines",96,99,PENDING,,,,,NO
1,Module 4 · Understanding Instructions,CE-L01-M04-L04 — Lesson 4.4: Saying When Something Is Unclear,100,103,PENDING,,,,,NO
1,Module 5 · Asking for Help & Clarification,CE-L01-M05-L01 — Lesson 5.1: Asking Someone to Repeat or Explain,105,108,PENDING,,,,,NO
1,Module 5 · Asking for Help & Clarification,CE-L01-M05-L02 — Lesson 5.2: Asking the Right Clarifying Question,109,112,PENDING,,,,,NO
1,Module 5 · Asking for Help & Clarification,CE-L01-M05-L03 — Lesson 5.3: Asking Colleagues vs. Asking Supervisors,113,116,PENDING,,,,,NO
1,Module 6 · Basic Workplace Vocabulary,"CE-L01-M06-L01 — Lesson 6.1: People, Roles and Departments",118,122,PENDING,,,,,NO
1,Module 6 · Basic Workplace Vocabulary,"CE-L01-M06-L02 — Lesson 6.2: Places, Tools and Documents at Work",123,126,PENDING,,,,,NO
1,Module 6 · Basic Workplace Vocabulary,"CE-L01-M06-L03 — Lesson 6.3: Time, Schedules and Deadlines",127,130,PENDING,,,,,NO
1,Module 6 · Basic Workplace Vocabulary,"CE-L01-M06-L04 — Lesson 6.4: Tasks, Responsibility and Priority",131,134,PENDING,,,,,NO
1,Module 6 · Basic Workplace Vocabulary,CE-L01-M06-L05 — Lesson 6.5: Core Workplace Verbs and Professional Phrases,135,139,PENDING,,,,,NO
1,Module 7 · Foundations of Professional Tone,"CE-L01-M07-L01 — Lesson 7.1: Why Tone Matters: Same Message, Different Sound",141,146,PENDING,,,,,NO
1,Module 7 · Foundations of Professional Tone,CE-L01-M07-L02 — Lesson 7.2: Making Polite and Confident Requests,147,151,PENDING,,,,,NO
1,Module 7 · Foundations of Professional Tone,CE-L01-M07-L03 — Lesson 7.3: Responding Professionally,152,156,PENDING,,,,,NO
1,Module 7 · Foundations of Professional Tone,"CE-L01-M07-L04 — Lesson 7.4: Tone, Hierarchy and Respect at Work",157,161,PENDING,,,,,NO
1,Level assessment,CE-L01-ASSESSMENT — Assessment: Level 1 Assessment,162,167,PENDING,,,,,NO
1,Capstone,CE-L01-CAPSTONE — Capstone: Your First Weeks at Work,168,175,PENDING,,,,,NO
2,Module 1 · Daily Work Updates,CE-L02-M01-L01 — Lesson 1.1: Giving a Clear Status Update,178,181,PENDING,,,,,NO
2,Module 1 · Daily Work Updates,CE-L02-M01-L02 — Lesson 1.2: Reporting Problems and Delays,182,185,PENDING,,,,,NO
2,Module 1 · Daily Work Updates,CE-L02-M01-L03 — Lesson 1.3: Matching Update Detail to Your Audience,186,189,PENDING,,,,,NO
2,Module 1 · Daily Work Updates,CE-L02-M01-L04 — Lesson 1.4: The Standup Habit,190,193,PENDING,,,,,NO
2,Module 2 · Making & Responding to Requests,CE-L02-M02-L01 — Lesson 2.1: Requests with Conditions and Trade-offs,195,198,PENDING,,,,,NO
2,Module 2 · Making & Responding to Requests,CE-L02-M02-L02 — Lesson 2.2: Turning Down a Request Without Damaging the Relationship,199,202,PENDING,,,,,NO
2,Module 2 · Making & Responding to Requests,CE-L02-M02-L03 — Lesson 2.3: Negotiating Timing and Scope,203,206,PENDING,,,,,NO
2,Module 2 · Making & Responding to Requests,CE-L02-M02-L04 — Lesson 2.4: Relaying a Request Between People,207,210,PENDING,,,,,NO
2,Module 2 · Making & Responding to Requests,CE-L02-M02-L05 — Lesson 2.5: Written Requests: Short and Clear,211,214,PENDING,,,,,NO
2,Module 3 · Telephone English Basics,CE-L02-M03-L01 — Lesson 3.1: Answering and Identifying Yourself,216,219,PENDING,,,,,NO
2,Module 3 · Telephone English Basics,CE-L02-M03-L02 — Lesson 3.2: Taking a Message Accurately,220,223,PENDING,,,,,NO
2,Module 3 · Telephone English Basics,CE-L02-M03-L03 — Lesson 3.3: Asking Someone to Repeat or Slow Down,224,227,PENDING,,,,,NO
2,Module 3 · Telephone English Basics,CE-L02-M03-L04 — Lesson 3.4: Putting Someone on Hold and Transferring,228,231,PENDING,,,,,NO
2,Module 3 · Telephone English Basics,CE-L02-M03-L05 — Lesson 3.5: Handling a Difficult or Unclear Caller & Ending the Call,232,235,PENDING,,,,,NO
2,Module 4 · Digital Messaging (WhatsApp/Teams/Slack),CE-L02-M04-L01 — Lesson 4.1: Chat Register: How Chat Differs from Email and Speech,237,240,PENDING,,,,,NO
2,Module 4 · Digital Messaging (WhatsApp/Teams/Slack),"CE-L02-M04-L02 — Lesson 4.2: Writing Clear, Short Work Messages",241,244,PENDING,,,,,NO
2,Module 4 · Digital Messaging (WhatsApp/Teams/Slack),CE-L02-M04-L03 — Lesson 4.3: Marking Urgency and Asking for a Quick Reply,245,248,PENDING,,,,,NO
2,Module 4 · Digital Messaging (WhatsApp/Teams/Slack),CE-L02-M04-L04 — Lesson 4.4: Reading the Room in Group Chats,249,252,PENDING,,,,,NO
2,Module 4 · Digital Messaging (WhatsApp/Teams/Slack),"CE-L02-M04-L05 — Lesson 4.5: Message, Call, or Talk in Person?",253,256,PENDING,,,,,NO
2,Module 5 · Apologizing & Thanking Professionally,CE-L02-M05-L01 — Lesson 5.1: A Real Apology vs. a Weak One,258,261,PENDING,,,,,NO
2,Module 5 · Apologizing & Thanking Professionally,CE-L02-M05-L02 — Lesson 5.2: Apologizing for Your Own Mistake,262,265,PENDING,,,,,NO
2,Module 5 · Apologizing & Thanking Professionally,CE-L02-M05-L03 — Lesson 5.3: Thanking Someone Specifically and Sincerely,266,269,PENDING,,,,,NO
2,Module 5 · Apologizing & Thanking Professionally,CE-L02-M05-L04 — Lesson 5.4: Apologizing on Behalf of the Team,270,273,PENDING,,,,,NO
2,Module 6 · Following Up,CE-L02-M06-L01 — Lesson 6.1: The Follow-Up Habit: Why and When,275,278,PENDING,,,,,NO
2,Module 6 · Following Up,CE-L02-M06-L02 — Lesson 6.2: Writing a Polite Follow-Up Message,279,282,PENDING,,,,,NO
2,Module 6 · Following Up,CE-L02-M06-L03 — Lesson 6.3: Following Up Without Sounding Pushy,283,286,PENDING,,,,,NO
2,Module 6 · Following Up,CE-L02-M06-L04 — Lesson 6.4: Closing the Loop,287,290,PENDING,,,,,NO
2,Module 7 · Basic Customer Interaction,CE-L02-M07-L01 — Lesson 7.1: Greeting and Welcoming a Customer,292,296,PENDING,,,,,NO
2,Module 7 · Basic Customer Interaction,CE-L02-M07-L02 — Lesson 7.2: Answering Simple Customer Questions Clearly,297,300,PENDING,,,,,NO
2,Module 7 · Basic Customer Interaction,"CE-L02-M07-L03 — Lesson 7.3: ""I Don't Know"" — But I'll Find Out",301,304,PENDING,,,,,NO
2,Module 7 · Basic Customer Interaction,CE-L02-M07-L04 — Lesson 7.4: Handling a Simple Complaint (Non-Escalated),305,308,PENDING,,,,,NO
2,Module 7 · Basic Customer Interaction,CE-L02-M07-L05 — Lesson 7.5: Closing a Customer Interaction Well,309,312,PENDING,,,,,NO
2,Module 8 · Workplace Etiquette,CE-L02-M08-L01 — Lesson 8.1: Punctuality and Time Norms at Work,314,317,PENDING,,,,,NO
2,Module 8 · Workplace Etiquette,CE-L02-M08-L02 — Lesson 8.2: Digital Etiquette and Confidentiality Basics,318,322,PENDING,,,,,NO
2,Module 8 · Workplace Etiquette,"CE-L02-M08-L03 — Lesson 8.3: Hierarchy, Titles, and Respectful Address",323,326,PENDING,,,,,NO
2,Module 8 · Workplace Etiquette,CE-L02-M08-L04 — Lesson 8.4: Putting It All Together: A Full Workday,327,330,PENDING,,,,,NO
2,Level assessment,CE-L02-ASSESSMENT — Assessment: Level 2 Assessment,331,338,PENDING,,,,,NO
2,Capstone,CE-L02-CAPSTONE — Capstone: A Normal Week,339,347,PENDING,,,,,NO
3,Module 1 · Professional Email Writing,CE-L03-M01-L01 — Lesson 1.1: Anatomy of a Professional Email,350,355,PENDING,,,,,NO
3,Module 1 · Professional Email Writing,CE-L03-M01-L02 — Lesson 1.2: Making Requests and Sharing Information,356,359,PENDING,,,,,NO
3,Module 1 · Professional Email Writing,"CE-L03-M01-L03 — Lesson 1.3: Following Up, Reminding, and Confirming",360,364,PENDING,,,,,NO
3,Module 1 · Professional Email Writing,CE-L03-M01-L04 — Lesson 1.4: Apologizing and Responding to a Complaint,365,369,PENDING,,,,,NO
3,Module 1 · Professional Email Writing,CE-L03-M01-L05 — Lesson 1.5: Escalating an Issue by Email,370,374,PENDING,,,,,NO
3,Module 1 · Professional Email Writing,CE-L03-M01-L06 — Lesson 1.6: Putting a Full Email Thread Together,375,379,PENDING,,,,,NO
3,Module 2 · Report Writing,CE-L03-M02-L01 — Lesson 2.1: The Facts → Evidence → Analysis → Action → Recommendation Framework,381,386,PENDING,,,,,NO
3,Module 2 · Report Writing,CE-L03-M02-L02 — Lesson 2.2: Daily and Weekly Reports,387,392,PENDING,,,,,NO
3,Module 2 · Report Writing,CE-L03-M02-L03 — Lesson 2.3: Incident and Complaint Reports,393,397,PENDING,,,,,NO
3,Module 2 · Report Writing,CE-L03-M02-L04 — Lesson 2.4: Performance and Operational Reports,398,402,PENDING,,,,,NO
3,Module 2 · Report Writing,CE-L03-M02-L05 — Lesson 2.5: Writing a Recommendation That Gets Acted On,403,407,PENDING,,,,,NO
3,"Module 3 · Meetings: Before, During, and After",CE-L03-M03-L01 — Lesson 3.1: Before a Meeting: Invitations and Agendas,409,413,PENDING,,,,,NO
3,"Module 3 · Meetings: Before, During, and After",CE-L03-M03-L02 — Lesson 3.2: Opening a Meeting and Setting Objectives,414,417,PENDING,,,,,NO
3,"Module 3 · Meetings: Before, During, and After","CE-L03-M03-L03 — Lesson 3.3: Giving and Asking for Opinions, Agreeing and Disagreeing Diplomatically",418,422,PENDING,,,,,NO
3,"Module 3 · Meetings: Before, During, and After","CE-L03-M03-L04 — Lesson 3.4: Clarifying, Interrupting Politely, and Summarizing",423,427,PENDING,,,,,NO
3,"Module 3 · Meetings: Before, During, and After",CE-L03-M03-L05 — Lesson 3.5: Assigning Action Points and Closing a Meeting,428,431,PENDING,,,,,NO
3,"Module 3 · Meetings: Before, During, and After",CE-L03-M03-L06 — Lesson 3.6: After a Meeting: Minutes and Follow-Up,432,436,PENDING,,,,,NO
3,Module 4 · Presentations I,CE-L03-M04-L01 — Lesson 4.1: Opening a Presentation and Introducing Your Topic,438,442,PENDING,,,,,NO
3,Module 4 · Presentations I,"CE-L03-M04-L02 — Lesson 4.2: Explaining Slides, Charts, and Data",443,446,PENDING,,,,,NO
3,Module 4 · Presentations I,CE-L03-M04-L03 — Lesson 4.3: Comparing Data and Highlighting Key Points,447,451,PENDING,,,,,NO
3,Module 4 · Presentations I,CE-L03-M04-L04 — Lesson 4.4: Transitions and Structure,452,456,PENDING,,,,,NO
3,Module 4 · Presentations I,CE-L03-M04-L05 — Lesson 4.5: Handling Questions After a Presentation,457,461,PENDING,,,,,NO
3,Module 5 · Customer Service & Complaint Handling,CE-L03-M05-L01 — Lesson 5.1: Listening with Empathy,463,467,PENDING,,,,,NO
3,Module 5 · Customer Service & Complaint Handling,CE-L03-M05-L02 — Lesson 5.2: De-escalating an Angry Customer,468,473,PENDING,,,,,NO
3,Module 5 · Customer Service & Complaint Handling,CE-L03-M05-L03 — Lesson 5.3: Presenting Solutions and Managing Expectations,474,478,PENDING,,,,,NO
3,Module 5 · Customer Service & Complaint Handling,CE-L03-M05-L04 — Lesson 5.4: Escalating a Complaint Internally,479,483,PENDING,,,,,NO
3,Module 5 · Customer Service & Complaint Handling,CE-L03-M05-L05 — Lesson 5.5: Service Recovery: Turning a Bad Experience Around,484,488,PENDING,,,,,NO
3,Module 6 · Client Communication Basics,CE-L03-M06-L01 — Lesson 6.1: Welcoming a Client and Building Rapport,490,494,PENDING,,,,,NO
3,Module 6 · Client Communication Basics,CE-L03-M06-L02 — Lesson 6.2: Understanding Client Needs Through Questions,495,499,PENDING,,,,,NO
3,Module 6 · Client Communication Basics,CE-L03-M06-L03 — Lesson 6.3: Presenting a Solution to a Client,500,504,PENDING,,,,,NO
3,Module 6 · Client Communication Basics,CE-L03-M06-L04 — Lesson 6.4: Handling Client Objections,505,509,PENDING,,,,,NO
3,Module 6 · Client Communication Basics,CE-L03-M06-L05 — Lesson 6.5: Closing and Following Up with a Client,510,514,PENDING,,,,,NO
3,Module 7 · Professional Grammar in Context,CE-L03-M07-L01 — Lesson 7.1: Tenses and Aspect for Professional Writing,516,520,PENDING,,,,,NO
3,Module 7 · Professional Grammar in Context,CE-L03-M07-L02 — Lesson 7.2: Modals and Conditionals for Professional Nuance,521,525,PENDING,,,,,NO
3,Module 7 · Professional Grammar in Context,CE-L03-M07-L03 — Lesson 7.3: Passive Voice and Reported Speech in Professional Documents,526,530,PENDING,,,,,NO
3,Module 7 · Professional Grammar in Context,"CE-L03-M07-L04 — Lesson 7.4: Articles, Prepositions, and Subject-Verb Agreement in Practice",531,535,PENDING,,,,,NO
3,Module 7 · Professional Grammar in Context,"CE-L03-M07-L05 — Lesson 7.5: Relative Clauses, Gerunds, and Infinitives for Fluent Writing",536,540,PENDING,,,,,NO
3,Module 7 · Professional Grammar in Context,CE-L03-M07-L06 — Lesson 7.6: Comparatives and Formal Sentence Structures,541,546,PENDING,,,,,NO
3,Module 8 · Pronunciation & Confident Speaking,CE-L03-M08-L01 — Lesson 8.1: Word Stress and Sentence Stress,548,554,PENDING,,,,,NO
3,Module 8 · Pronunciation & Confident Speaking,CE-L03-M08-L02 — Lesson 8.2: Intonation and Rhythm in Professional Speech,555,559,PENDING,,,,,NO
3,Module 8 · Pronunciation & Confident Speaking,CE-L03-M08-L03 — Lesson 8.3: Connected Speech and Commonly Confused Sounds,560,565,PENDING,,,,,NO
3,Module 8 · Pronunciation & Confident Speaking,CE-L03-M08-L04 — Lesson 8.4: Speaking with Confidence,566,570,PENDING,,,,,NO
3,Module 9 · Digital & Cross-Platform Communication,CE-L03-M09-L01 — Lesson 9.1: Video Call Etiquette (Zoom/Google Meet),572,577,PENDING,,,,,NO
3,Module 9 · Digital & Cross-Platform Communication,"CE-L03-M09-L02 — Lesson 9.2: Choosing Between Email, Chat, Call, and Video Call",578,582,PENDING,,,,,NO
3,Module 9 · Digital & Cross-Platform Communication,CE-L03-M09-L03 — Lesson 9.3: Adapting One Message Across Every Channel,583,587,PENDING,,,,,NO
3,Module 9 · Digital & Cross-Platform Communication,CE-L03-M09-L04 — Lesson 9.4: Level 3 Synthesis: A Full Professional Week,588,594,PENDING,,,,,NO
3,Level assessment,CE-L03-ASSESSMENT — Assessment: Level 3 Assessment,595,601,PENDING,,,,,NO
3,Capstone,CE-L03-CAPSTONE — Capstone: The Client Review,602,614,PENDING,,,,,NO
4,Module 1 · Negotiation,CE-L04-M01-L01 — Lesson 1.1: Preparing to Negotiate: Knowing Your Position,617,622,PENDING,,,,,NO
4,Module 1 · Negotiation,CE-L04-M01-L02 — Lesson 1.2: Opening a Negotiation and Anchoring,623,627,PENDING,,,,,NO
4,Module 1 · Negotiation,CE-L04-M01-L03 — Lesson 1.3: Trading Concessions Without Giving Away Too Much,628,632,PENDING,,,,,NO
4,Module 1 · Negotiation,CE-L04-M01-L04 — Lesson 1.4: Handling Pressure Tactics and Deadlocks,633,638,PENDING,,,,,NO
4,Module 1 · Negotiation,CE-L04-M01-L05 — Lesson 1.5: Closing a Negotiation and Confirming the Deal,639,644,PENDING,,,,,NO
4,Module 2 · Difficult Conversations & Conflict Management,CE-L04-M02-L01 — Lesson 2.1: Saying No Firmly and Professionally,646,651,PENDING,,,,,NO
4,Module 2 · Difficult Conversations & Conflict Management,CE-L04-M02-L02 — Lesson 2.2: Giving Critical Feedback Without Damaging the Relationship,652,656,PENDING,,,,,NO
4,Module 2 · Difficult Conversations & Conflict Management,CE-L04-M02-L03 — Lesson 2.3: Receiving Criticism Gracefully,657,661,PENDING,,,,,NO
4,Module 2 · Difficult Conversations & Conflict Management,CE-L04-M02-L04 — Lesson 2.4: Admitting and Reporting a Serious Mistake,662,667,PENDING,,,,,NO
4,Module 2 · Difficult Conversations & Conflict Management,CE-L04-M02-L05 — Lesson 2.5: Handling a Difficult Colleague,668,673,PENDING,,,,,NO
4,Module 2 · Difficult Conversations & Conflict Management,CE-L04-M02-L06 — Lesson 2.6: Managing Conflict to a Resolution,674,679,PENDING,,,,,NO
4,Module 3 · Persuasion & Influence,CE-L04-M03-L01 — Lesson 3.1: The Anatomy of a Persuasive Argument,681,685,PENDING,,,,,NO
4,Module 3 · Persuasion & Influence,CE-L04-M03-L02 — Lesson 3.2: Using Evidence and Framing,686,690,PENDING,,,,,NO
4,Module 3 · Persuasion & Influence,CE-L04-M03-L03 — Lesson 3.3: Persuading a Skeptical Audience,691,695,PENDING,,,,,NO
4,Module 3 · Persuasion & Influence,CE-L04-M03-L04 — Lesson 3.4: Influencing Without Authority,696,700,PENDING,,,,,NO
4,Module 4 · Advanced Problem-Solving Communication,CE-L04-M04-L01 — Lesson 4.1: Structuring an Ambiguous Problem Out Loud,702,707,PENDING,,,,,NO
4,Module 4 · Advanced Problem-Solving Communication,CE-L04-M04-L02 — Lesson 4.2: Exploring Options and Trade-offs Collaboratively,708,713,PENDING,,,,,NO
4,Module 4 · Advanced Problem-Solving Communication,CE-L04-M04-L03 — Lesson 4.3: Communicating a Decision and Its Reasoning,714,719,PENDING,,,,,NO
4,Module 4 · Advanced Problem-Solving Communication,CE-L04-M04-L04 — Lesson 4.4: Solving a Problem Live Under Time Pressure,720,726,PENDING,,,,,NO
4,Module 5 · Presentations II,CE-L04-M05-L01 — Lesson 5.1: Presenting to a Senior or Executive Audience,728,733,PENDING,,,,,NO
4,Module 5 · Presentations II,CE-L04-M05-L02 — Lesson 5.2: Handling Tough and Skeptical Questions,734,738,PENDING,,,,,NO
4,Module 5 · Presentations II,CE-L04-M05-L03 — Lesson 5.3: Presenting Under Time Pressure or Interruption,739,744,PENDING,,,,,NO
4,Module 5 · Presentations II,CE-L04-M05-L04 — Lesson 5.4: Storytelling and Persuasive Structure in Presentations,745,750,PENDING,,,,,NO
4,Module 6 · Escalation & Crisis Communication,CE-L04-M06-L01 — Lesson 6.1: Communicating Calmly Under Pressure,752,756,PENDING,,,,,NO
4,Module 6 · Escalation & Crisis Communication,CE-L04-M06-L02 — Lesson 6.2: Delivering Bad News,757,762,PENDING,,,,,NO
4,Module 6 · Escalation & Crisis Communication,CE-L04-M06-L03 — Lesson 6.3: Managing Unrealistic Deadlines and Expectations Under Pressure,763,768,PENDING,,,,,NO
4,Module 6 · Escalation & Crisis Communication,CE-L04-M06-L04 — Lesson 6.4: Crisis Communication: Keeping People Informed,769,774,PENDING,,,,,NO
4,Module 6 · Escalation & Crisis Communication,"CE-L04-M06-L05 — Lesson 6.5: A Full Crisis Scenario: Communicate, Escalate, Resolve",775,780,PENDING,,,,,NO
4,Module 7 · Cross-Cultural Workplace Communication,CE-L04-M07-L01 — Lesson 7.1: Recognizing Cultural Differences in Communication Style,782,789,PENDING,,,,,NO
4,Module 7 · Cross-Cultural Workplace Communication,CE-L04-M07-L02 — Lesson 7.2: Adapting Directness and Formality Across Cultures,790,796,PENDING,,,,,NO
4,Module 7 · Cross-Cultural Workplace Communication,CE-L04-M07-L03 — Lesson 7.3: Avoiding Misunderstandings in Cross-Cultural Teams,797,802,PENDING,,,,,NO
4,Module 7 · Cross-Cultural Workplace Communication,CE-L04-M07-L04 — Lesson 7.4: Communicating Respectfully Without Stereotyping,803,809,PENDING,,,,,NO
4,Module 8 · Advanced Client & Vendor Relations,CE-L04-M08-L01 — Lesson 8.1: Managing a Long-Term Client or Vendor Relationship,811,815,PENDING,,,,,NO
4,Module 8 · Advanced Client & Vendor Relations,CE-L04-M08-L02 — Lesson 8.2: Renewing or Renegotiating a Contract,816,821,PENDING,,,,,NO
4,Module 8 · Advanced Client & Vendor Relations,CE-L04-M08-L03 — Lesson 8.3: Difficult Vendor Conversations,822,827,PENDING,,,,,NO
4,Module 8 · Advanced Client & Vendor Relations,CE-L04-M08-L04 — Lesson 8.4: Managing Client Expectations Over Time,828,833,PENDING,,,,,NO
4,Module 8 · Advanced Client & Vendor Relations,CE-L04-M08-L05 — Lesson 8.5: A Full Relationship-Management Scenario,834,839,PENDING,,,,,NO
4,Level assessment,CE-L04-ASSESSMENT — Assessment: Level 4 Assessment,840,846,PENDING,,,,,NO
4,Capstone,CE-L04-CAPSTONE — Capstone: The Difficult Quarter,847,860,PENDING,,,,,NO
5,Module 1 · Delegation & Instruction-Giving,CE-L05-M01-L01 — Lesson 1.1: Delegating a Task Clearly,863,866,PENDING,,,,,NO
5,Module 1 · Delegation & Instruction-Giving,CE-L05-M01-L02 — Lesson 1.2: Matching Instruction Detail to the Person's Experience,867,871,PENDING,,,,,NO
5,Module 1 · Delegation & Instruction-Giving,"CE-L05-M01-L03 — Lesson 1.3: Delegating Ownership, Not Just Tasks",872,875,PENDING,,,,,NO
5,Module 1 · Delegation & Instruction-Giving,CE-L05-M01-L04 — Lesson 1.4: Following Up on Delegated Work Without Micromanaging,876,880,PENDING,,,,,NO
5,Module 2 · Feedback & Performance Conversations,"CE-L05-M02-L01 — Lesson 2.1: Giving Ongoing, Everyday Feedback",882,885,PENDING,,,,,NO
5,Module 2 · Feedback & Performance Conversations,CE-L05-M02-L02 — Lesson 2.2: Structuring a Formal Performance Conversation,886,889,PENDING,,,,,NO
5,Module 2 · Feedback & Performance Conversations,CE-L05-M02-L03 — Lesson 2.3: Setting Goals and Expectations Together,890,893,PENDING,,,,,NO
5,Module 2 · Feedback & Performance Conversations,CE-L05-M02-L04 — Lesson 2.4: Addressing Underperformance,894,897,PENDING,,,,,NO
5,Module 2 · Feedback & Performance Conversations,CE-L05-M02-L05 — Lesson 2.5: A Full Performance Review Conversation,898,901,PENDING,,,,,NO
5,Module 3 · Coaching Through Questions,CE-L05-M03-L01 — Lesson 3.1: The Difference Between Telling and Coaching,903,907,PENDING,,,,,NO
5,Module 3 · Coaching Through Questions,CE-L05-M03-L02 — Lesson 3.2: Asking Questions That Open Up Thinking,908,911,PENDING,,,,,NO
5,Module 3 · Coaching Through Questions,CE-L05-M03-L03 — Lesson 3.3: Coaching Someone Through a Problem They Own,912,915,PENDING,,,,,NO
5,Module 3 · Coaching Through Questions,CE-L05-M03-L04 — Lesson 3.4: Knowing When to Coach and When to Just Tell Them,916,919,PENDING,,,,,NO
5,Module 4 · Strategic & Change Communication,"CE-L05-M04-L01 — Lesson 4.1: Communicating the ""Why"" Behind a Strategy",921,924,PENDING,,,,,NO
5,Module 4 · Strategic & Change Communication,CE-L05-M04-L02 — Lesson 4.2: Announcing a Change to a Team,925,928,PENDING,,,,,NO
5,Module 4 · Strategic & Change Communication,CE-L05-M04-L03 — Lesson 4.3: Addressing Resistance to Change,929,933,PENDING,,,,,NO
5,Module 4 · Strategic & Change Communication,CE-L05-M04-L04 — Lesson 4.4: Keeping People Aligned Over Time,934,937,PENDING,,,,,NO
5,Module 4 · Strategic & Change Communication,CE-L05-M04-L05 — Lesson 4.5: Leading a Team Through a Full Change Cycle,938,941,PENDING,,,,,NO
5,Module 5 · Leading Meetings & Decisions,CE-L05-M05-L01 — Lesson 5.1: Chairing a Meeting as Its Owner,943,948,PENDING,,,,,NO
5,Module 5 · Leading Meetings & Decisions,CE-L05-M05-L02 — Lesson 5.2: Making a Decision When the Group Disagrees,949,953,PENDING,,,,,NO
5,Module 5 · Leading Meetings & Decisions,CE-L05-M05-L03 — Lesson 5.3: Communicating a Decision the Room Didn't Fully Agree With,954,959,PENDING,,,,,NO
5,Module 5 · Leading Meetings & Decisions,CE-L05-M05-L04 — Lesson 5.4: Keeping a Meeting Focused and On Time,960,964,PENDING,,,,,NO
5,Module 5 · Leading Meetings & Decisions,CE-L05-M05-L05 — Lesson 5.5: Leading a Full Decision-Making Meeting,965,969,PENDING,,,,,NO
5,Module 6 · Executive Presentation Skills,CE-L05-M06-L01 — Lesson 6.1: Presenting as the Senior Voice in the Room,971,977,PENDING,,,,,NO
5,Module 6 · Executive Presentation Skills,CE-L05-M06-L02 — Lesson 6.2: Presenting Strategy and Vision,978,983,PENDING,,,,,NO
5,Module 6 · Executive Presentation Skills,CE-L05-M06-L03 — Lesson 6.3: Commanding a Room Under Scrutiny,984,989,PENDING,,,,,NO
5,Module 6 · Executive Presentation Skills,CE-L05-M06-L04 — Lesson 6.4: A Full Executive Presentation,990,994,PENDING,,,,,NO
5,Module 7 · Career Growth Communication,CE-L05-M07-L01 — Lesson 7.1: Writing Your Story: CV and LinkedIn English,996,1001,PENDING,,,,,NO
5,Module 7 · Career Growth Communication,CE-L05-M07-L02 — Lesson 7.2: Interviewing with Confidence,1002,1007,PENDING,,,,,NO
5,Module 7 · Career Growth Communication,CE-L05-M07-L03 — Lesson 7.3: Networking and Building Professional Relationships,1008,1012,PENDING,,,,,NO
5,Module 7 · Career Growth Communication,CE-L05-M07-L04 — Lesson 7.4: Asking for Feedback and Discussing Promotion,1013,1018,PENDING,,,,,NO
5,Module 7 · Career Growth Communication,CE-L05-M07-L05 — Lesson 7.5: Discussing Salary and Compensation,1019,1024,PENDING,,,,,NO
5,Module 7 · Career Growth Communication,CE-L05-M07-L06 — Lesson 7.6: Resigning and Exit Interviews Gracefully,1025,1030,PENDING,,,,,NO
5,Module 8 · Building a Personal Leadership Voice,CE-L05-M08-L01 — Lesson 8.1: What Makes a Communication Style Recognizably Yours,1032,1036,PENDING,,,,,NO
5,Module 8 · Building a Personal Leadership Voice,CE-L05-M08-L02 — Lesson 8.2: Staying Authentic Under Pressure,1037,1040,PENDING,,,,,NO
5,Module 8 · Building a Personal Leadership Voice,CE-L05-M08-L03 — Lesson 8.3: Leading With Consistency Across Every Channel,1041,1045,PENDING,,,,,NO
5,Module 8 · Building a Personal Leadership Voice,CE-L05-M08-L04 — Lesson 8.4: Putting It All Together: A Week as a Leader,1046,1052,PENDING,,,,,NO
5,Level assessment,CE-L05-ASSESSMENT — Assessment: Level 5 Assessment,1053,1057,PENDING,,,,,NO
5,Capstone,CE-L05-CAPSTONE — Capstone: The Handover,1058,1069,PENDING,,,,,NO
—,Back matter,BACK-MATTER — Reference Index and back cover,1070,1104,PENDING,,,,,NO
