Item ID,Unit,Lesson,PDF Page,Language,Text Type,Original Text,Review Required,Native Review Status,Reviewer,Reviewer Notes,Approved
CE-L01-M01-L01-BN-501c06ff,CE-L01-M01-L01,Level 1 · Lesson 1.1,14,Bengali,Gloss,professional (adj.) → পেশাদার,Native Bengali speaker,PENDING,,,NO
CE-L01-M01-L01-HI-8c684d47,CE-L01-M01-L01,Level 1 · Lesson 1.1,14,Hindi,Gloss,professional (adj.) → पेशेवर,Native Hindi speaker,PENDING,,,NO
CE-L01-M01-L01-BN-3e872876,CE-L01-M01-L01,Level 1 · Lesson 1.1,14,Bengali,Gloss,punctual (adj.) → সময়নিষ্ঠ,Native Bengali speaker,PENDING,,,NO
CE-L01-M01-L01-HI-e3283c3e,CE-L01-M01-L01,Level 1 · Lesson 1.1,14,Hindi,Gloss,punctual (adj.) → समय का पाबंद,Native Hindi speaker,PENDING,,,NO
CE-L01-M01-L01-BN-ddbc6808,CE-L01-M01-L01,Level 1 · Lesson 1.1,14,Bengali,Gloss,respectful (adj.) → শ্রদ্ধাশীল,Native Bengali speaker,PENDING,,,NO
CE-L01-M01-L01-HI-2f604469,CE-L01-M01-L01,Level 1 · Lesson 1.1,14,Hindi,Gloss,respectful (adj.) → आदरपूर्ण,Native Hindi speaker,PENDING,,,NO
CE-L01-M01-L01-BN-36df5e16,CE-L01-M01-L01,Level 1 · Lesson 1.1,14,Bengali,Gloss,expectation (n.) → প্রত্যাশা,Native Bengali speaker,PENDING,,,NO
CE-L01-M01-L01-HI-c2ebd740,CE-L01-M01-L01,Level 1 · Lesson 1.1,14,Hindi,Gloss,expectation (n.) → अपेक्षा,Native Hindi speaker,PENDING,,,NO
CE-L01-M01-L01-BN-10ccd918,CE-L01-M01-L01,Level 1 · Lesson 1.1,15,Bengali,Gloss,behavior (n.) → আচরণ,Native Bengali speaker,PENDING,,,NO
CE-L01-M01-L01-HI-3bca3cc5,CE-L01-M01-L01,Level 1 · Lesson 1.1,15,Hindi,Gloss,behavior (n.) → व्यवहार,Native Hindi speaker,PENDING,,,NO
CE-L01-M01-L01-BN-c8bda5a9,CE-L01-M01-L01,Level 1 · Lesson 1.1,15,Bengali,Gloss,workplace culture (n. phrase) → কর্মক্ষেত্রের সংস্কৃতি,Native Bengali speaker,PENDING,,,NO
CE-L01-M01-L01-HI-d2cd6162,CE-L01-M01-L01,Level 1 · Lesson 1.1,15,Hindi,Gloss,workplace culture (n. phrase) → कार्यस्थल संस्कृति,Native Hindi speaker,PENDING,,,NO
CE-L01-M01-L01-EN-0f6c3174,CE-L01-M01-L01,Level 1 · Lesson 1.1,16,English (statement about Bengali/Hindi),Workplace/cultural statement,"""Workplace culture"" ( V-0006 ) is a concept many learners over-translate word-for-word, which can make it sound distant or academic in Bengali. It's simpler than it sounds: it just means the shared, mostly unwritten habits of how people treat each other at a particular workplace — something you notice within your first few weeks, not something you need to memorize a definition for.",Native Bengali and Hindi speakers (check the claim),PENDING,,,NO
CE-L01-M01-L01-EN-e9e770aa,CE-L01-M01-L01,Level 1 · Lesson 1.1,16,English (statement about Bengali/Hindi),Workplace/cultural statement,"Same idea for ""workplace culture"" in Hindi: a literal translation can sound overly formal. It's best understood as ""how things are usually done here"" — through observation, not through a fixed rule list.",Native Bengali and Hindi speakers (check the claim),PENDING,,,NO
CE-L01-M01-L02-BN-c642a6c2,CE-L01-M01-L02,Level 1 · Lesson 1.2,20,Bengali,Gloss,background (n.) → পটভূমি,Native Bengali speaker,PENDING,,,NO
CE-L01-M01-L02-HI-f5458be4,CE-L01-M01-L02,Level 1 · Lesson 1.2,20,Hindi,Gloss,background (n.) → पृष्ठभूमि,Native Hindi speaker,PENDING,,,NO
CE-L01-M01-L02-BN-5ef1a520,CE-L01-M01-L02,Level 1 · Lesson 1.2,20,Bengali,Gloss,experience (n.) → অভিজ্ঞতা,Native Bengali speaker,PENDING,,,NO
CE-L01-M01-L02-HI-92748082,CE-L01-M01-L02,Level 1 · Lesson 1.2,20,Hindi,Gloss,experience (n.) → अनुभव,Native Hindi speaker,PENDING,,,NO
CE-L01-M01-L02-BN-ac28e4fc,CE-L01-M01-L02,Level 1 · Lesson 1.2,20,Bengali,Gloss,previously (adv.) → পূর্বে,Native Bengali speaker,PENDING,,,NO
CE-L01-M01-L02-HI-44f6bde4,CE-L01-M01-L02,Level 1 · Lesson 1.2,20,Hindi,Gloss,previously (adv.) → पहले,Native Hindi speaker,PENDING,,,NO
CE-L01-M01-L02-BN-d0783014,CE-L01-M01-L02,Level 1 · Lesson 1.2,20,Bengali,Gloss,currently (adv.) → বর্তমানে,Native Bengali speaker,PENDING,,,NO
CE-L01-M01-L02-HI-ec6beee7,CE-L01-M01-L02,Level 1 · Lesson 1.2,20,Hindi,Gloss,currently (adv.) → वर्तमान में,Native Hindi speaker,PENDING,,,NO
CE-L01-M01-L02-BN-a8c0ac47,CE-L01-M01-L02,Level 1 · Lesson 1.2,21,Bengali,Gloss,graduate (n./v.) → স্নাতক,Native Bengali speaker,PENDING,,,NO
CE-L01-M01-L02-HI-83f82ad6,CE-L01-M01-L02,Level 1 · Lesson 1.2,21,Hindi,Gloss,graduate (n./v.) → स्नातक,Native Hindi speaker,PENDING,,,NO
CE-L01-M01-L02-BN-c528fa68,CE-L01-M01-L02,Level 1 · Lesson 1.2,21,Bengali,Gloss,degree (n.) → ডিগ্রি,Native Bengali speaker,PENDING,,,NO
CE-L01-M01-L02-HI-313c3eea,CE-L01-M01-L02,Level 1 · Lesson 1.2,21,Hindi,Gloss,degree (n.) → डिग्री,Native Hindi speaker,PENDING,,,NO
CE-L01-M01-L02-BN-05b8d776,CE-L01-M01-L02,Level 1 · Lesson 1.2,21,Bengali,Gloss,training (n.) → প্রশিক্ষণ,Native Bengali speaker,PENDING,,,NO
CE-L01-M01-L02-HI-cf95a422,CE-L01-M01-L02,Level 1 · Lesson 1.2,21,Hindi,Gloss,training (n.) → प्रशिक्षण,Native Hindi speaker,PENDING,,,NO
CE-L01-M01-L02-HI-44249b28,CE-L01-M01-L02,Level 1 · Lesson 1.2,22,Hindi,Example sentence,"जैसे / कर चुका हूँ   [in: Hindi's perfect forms ( जैसे "" कर चुका हूँ "") already carry some of this same ""connected to now"" meaning, which can actually help — but learners often still def…]",Native Hindi speaker,PENDING,,,NO
CE-L01-M01-L02-EN-44598dff,CE-L01-M01-L02,Level 1 · Lesson 1.2,22,English (statement about Bengali/Hindi),Workplace/cultural statement,"Bengali doesn't require a separate verb form for ""still true now"" versus ""finished in the past"" the way English's present perfect does, so it's easy to default to simple past or simple present for both. A quick test: if the sentence is still true or relevant right now (a skill you still have, an interest you still hold), reach for present perfect (""I've been interested in...""); if it's simply a completed fact, past simple (""I studied..."") is enough.",Native Bengali and Hindi speakers (check the claim),PENDING,,,NO
CE-L01-M01-L03-BN-74c07ec6,CE-L01-M01-L03,Level 1 · Lesson 1.3,26,Bengali,Gloss,team (n.) → টিম,Native Bengali speaker,PENDING,,,NO
CE-L01-M01-L03-HI-3445d6cd,CE-L01-M01-L03,Level 1 · Lesson 1.3,26,Hindi,Gloss,team (n.) → टीम,Native Hindi speaker,PENDING,,,NO
CE-L01-M01-L03-BN-415ba0b7,CE-L01-M01-L03,Level 1 · Lesson 1.3,26,Bengali,Gloss,department (n.) → বিভাগ,Native Bengali speaker,PENDING,,,NO
CE-L01-M01-L03-HI-b95dbac7,CE-L01-M01-L03,Level 1 · Lesson 1.3,26,Hindi,Gloss,department (n.) → विभाग,Native Hindi speaker,PENDING,,,NO
CE-L01-M01-L03-BN-5834b2b9,CE-L01-M01-L03,Level 1 · Lesson 1.3,26,Bengali,Gloss,report to (v. phrase) → ...- এর অধীনে কাজ করা,Native Bengali speaker,PENDING,,,NO
CE-L01-M01-L03-HI-aeb4ac34,CE-L01-M01-L03,Level 1 · Lesson 1.3,26,Hindi,Gloss,report to (v. phrase) → ... को रिपोर्ट करना,Native Hindi speaker,PENDING,,,NO
CE-L01-M01-L03-BN-4dcbb9af,CE-L01-M01-L03,Level 1 · Lesson 1.3,28,Bengali,Gloss,"আপনি / তুমি   [in: In Bengali, respect is shown partly through the pronoun: আপনি for a senior person, তুমি for a peer. English has only one ""you"", so the register shift has to com…]",Native Bengali speaker,PENDING,,,NO
CE-L01-M01-L03-HI-f2ae4a3a,CE-L01-M01-L03,Level 1 · Lesson 1.3,28,Hindi,Gloss,"आप / तुम   [in: Hindi marks respect with आप (formal) versus तुम (informal). English ""you"" is the same for everyone, so a learner cannot rely on the pronoun: the greeting, full …]",Native Hindi speaker,PENDING,,,NO
CE-L01-M01-L04-BN-8fb6435a,CE-L01-M01-L04,Level 1 · Lesson 1.4,31,Bengali,Gloss,responsible for (adj. phrase) → দায়িত্বপ্রাপ্ত,Native Bengali speaker,PENDING,,,NO
CE-L01-M01-L04-HI-52cd4213,CE-L01-M01-L04,Level 1 · Lesson 1.4,31,Hindi,Gloss,responsible for (adj. phrase) → जिम्मेदार,Native Hindi speaker,PENDING,,,NO
CE-L01-M01-L04-BN-ac7044ed,CE-L01-M01-L04,Level 1 · Lesson 1.4,32,Bengali,Gloss,colleague (n.) → সহকর্মী,Native Bengali speaker,PENDING,,,NO
CE-L01-M01-L04-HI-9d17a09d,CE-L01-M01-L04,Level 1 · Lesson 1.4,32,Hindi,Gloss,colleague (n.) → सहकर्मी,Native Hindi speaker,PENDING,,,NO
CE-L01-M01-L04-BN-199ebd66,CE-L01-M01-L04,Level 1 · Lesson 1.4,32,Bengali,Gloss,team lead (n.) → টিম লিড,Native Bengali speaker,PENDING,,,NO
CE-L01-M01-L04-HI-f3a21d72,CE-L01-M01-L04,Level 1 · Lesson 1.4,32,Hindi,Gloss,team lead (n.) → टीम लीड,Native Hindi speaker,PENDING,,,NO
CE-L01-M01-L04-BN-be775af0,CE-L01-M01-L04,Level 1 · Lesson 1.4,32,Bengali,Gloss,manager (n.) → ম্যানেজার,Native Bengali speaker,PENDING,,,NO
CE-L01-M01-L04-HI-0b0d7a09,CE-L01-M01-L04,Level 1 · Lesson 1.4,32,Hindi,Gloss,manager (n.) → प्रबंधक,Native Hindi speaker,PENDING,,,NO
CE-L01-M01-L04-BN-a4b4f3f3,CE-L01-M01-L04,Level 1 · Lesson 1.4,32,Bengali,Gloss,supervisor (n.) → সুপারভাইজার,Native Bengali speaker,PENDING,,,NO
CE-L01-M01-L04-HI-58d091b3,CE-L01-M01-L04,Level 1 · Lesson 1.4,32,Hindi,Gloss,supervisor (n.) → पर्यवेक्षक,Native Hindi speaker,PENDING,,,NO
CE-L01-M01-L04-EN-e1533bda,CE-L01-M01-L04,Level 1 · Lesson 1.4,34,English (statement about Bengali/Hindi),Workplace/cultural statement,"Bengali speakers sometimes describe an ongoing role in past tense, by habit from describing their history a moment earlier (as in Lesson 1.2). The fix is simple: if it's true about your job right now, use present simple — ""I'm responsible for..."", not ""I was responsible for..."" unless the role has actually ended.",Native Bengali and Hindi speakers (check the claim),PENDING,,,NO
CE-L01-M01-L04-EN-d84e3251,CE-L01-M01-L04,Level 1 · Lesson 1.4,34,English (statement about Bengali/Hindi),Workplace/cultural statement,"The same instinct can appear in Hindi speakers' English — a role that's currently true should stay in present tense in English, even though the switch from talking about background (past) to role (present) can feel abrupt at first.",Native Bengali and Hindi speakers (check the claim),PENDING,,,NO
CE-L01-M02-L01-BN-563b3871,CE-L01-M02-L01,Level 1 · Lesson 2.1,44,Bengali,Gloss,reception (n.) → রিসেপশন / অভ্যর্থনা,Native Bengali speaker,PENDING,,,NO
CE-L01-M02-L01-HI-9353e5c3,CE-L01-M02-L01,Level 1 · Lesson 2.1,44,Hindi,Gloss,reception (n.) → रिसेप्शन,Native Hindi speaker,PENDING,,,NO
CE-L01-M02-L01-BN-23732126,CE-L01-M02-L01,Level 1 · Lesson 2.1,44,Bengali,Gloss,badge (n.) → ব্যাজ / পরিচয়পত্র,Native Bengali speaker,PENDING,,,NO
CE-L01-M02-L01-HI-e544e208,CE-L01-M02-L01,Level 1 · Lesson 2.1,44,Hindi,Gloss,badge (n.) → बैज,Native Hindi speaker,PENDING,,,NO
CE-L01-M02-L01-BN-c14e3f04,CE-L01-M02-L01,Level 1 · Lesson 2.1,44,Bengali,Gloss,sign in (phr. v.) → সাইন ইন করা,Native Bengali speaker,PENDING,,,NO
CE-L01-M02-L01-HI-5e174f10,CE-L01-M02-L01,Level 1 · Lesson 2.1,44,Hindi,Gloss,sign in (phr. v.) → साइन इन करना,Native Hindi speaker,PENDING,,,NO
CE-L01-M02-L01-BN-517ac837,CE-L01-M02-L01,Level 1 · Lesson 2.1,45,Bengali,Gloss,orientation (n.) → ওরিয়েন্টেশন / প্রাথমিক পরিচিতি,Native Bengali speaker,PENDING,,,NO
CE-L01-M02-L01-HI-3308cd99,CE-L01-M02-L01,Level 1 · Lesson 2.1,45,Hindi,Gloss,orientation (n.) → ओरिएंटेशन,Native Hindi speaker,PENDING,,,NO
CE-L01-M02-L01-BN-ac7044ed,CE-L01-M02-L01,Level 1 · Lesson 2.1,45,Bengali,Gloss,colleague (n.) → সহকর্মী,Native Bengali speaker,PENDING,,,NO
CE-L01-M02-L01-HI-ec2e3d13,CE-L01-M02-L01,Level 1 · Lesson 2.1,45,Hindi,Gloss,colleague (n.) → सहकर्मी / साथी कर्मचारी,Native Hindi speaker,PENDING,,,NO
CE-L01-M02-L01-BN-180a74f8,CE-L01-M02-L01,Level 1 · Lesson 2.1,45,Bengali,Gloss,"এসেছি   [in: Bengali/Hindi speakers often translate "" এসেছি .../ आया हूँ ..."" literally as ""I have come here for…"" — natural spoken English simply uses ""I'm here to + verb.""]",Native Bengali speaker,PENDING,,,NO
CE-L01-M02-L01-HI-cba47ba9,CE-L01-M02-L01,Level 1 · Lesson 2.1,45,Hindi,Gloss,"आया हूँ   [in: Bengali/Hindi speakers often translate "" এসেছি .../ आया हूँ ..."" literally as ""I have come here for…"" — natural spoken English simply uses ""I'm here to + verb.""]",Native Hindi speaker,PENDING,,,NO
CE-L01-M02-L01-BN-155a38a6,CE-L01-M02-L01,Level 1 · Lesson 2.1,46,Bengali,Gloss,"আমি / জন্য এসেছি   [in: "" আমি ... জন্য এসেছি "" translated word for word gives ""I have come here for..."", which sounds unnatural in English. Use ""I'm here to + verb"" instead: ""I'm here …]",Native Bengali speaker,PENDING,,,NO
CE-L01-M02-L01-HI-ef75615f,CE-L01-M02-L01,Level 1 · Lesson 2.1,46,Hindi,Example sentence,"मैं... के लिए आया हूँ   [in: Same principle: ""I'm here to..."" replaces the instinct to translate "" मैं... के लिए आया हूँ "" literally as ""I have come here for..."" — natural English simply sa…]",Native Hindi speaker,PENDING,,,NO
CE-L01-M02-L02-BN-199ebd66,CE-L01-M02-L02,Level 1 · Lesson 2.2,50,Bengali,Gloss,team lead (n.) → টিম লিড,Native Bengali speaker,PENDING,,,NO
CE-L01-M02-L02-HI-f3a21d72,CE-L01-M02-L02,Level 1 · Lesson 2.2,50,Hindi,Gloss,team lead (n.) → टीम लीड,Native Hindi speaker,PENDING,,,NO
CE-L01-M02-L02-BN-5a33fdb3,CE-L01-M02-L02,Level 1 · Lesson 2.2,50,Bengali,Gloss,to settle in (phr. v.) → মানিয়ে নেওয়া,Native Bengali speaker,PENDING,,,NO
CE-L01-M02-L02-HI-84e723ca,CE-L01-M02-L02,Level 1 · Lesson 2.2,50,Hindi,Gloss,to settle in (phr. v.) → सेटल होना / ढलना,Native Hindi speaker,PENDING,,,NO
CE-L01-M02-L02-BN-7697c0e5,CE-L01-M02-L02,Level 1 · Lesson 2.2,50,Bengali,Gloss,Front Office (dept.) (n.) → ফ্রন্ট অফিস বিভাগ,Native Bengali speaker,PENDING,,,NO
CE-L01-M02-L02-HI-d89d1642,CE-L01-M02-L02,Level 1 · Lesson 2.2,50,Hindi,Gloss,Front Office (dept.) (n.) → फ्रंट ऑफिस विभाग,Native Hindi speaker,PENDING,,,NO
CE-L01-M02-L02-EN-9255103d,CE-L01-M02-L02,Level 1 · Lesson 2.2,51,English (statement about Bengali/Hindi),Workplace/cultural statement,"Bengali workplace introductions often include more formal titles by default; English first-day introductions are typically first-name and warm unless the workplace is very formal — a real cultural adjustment, not a language error.",Native Bengali and Hindi speakers (check the claim),PENDING,,,NO
CE-L01-M02-L03-BN-2e614980,CE-L01-M02-L03,Level 1 · Lesson 2.3,55,Bengali,Gloss,huddle (n.) → সংক্ষিপ্ত মিটিং / দলগত আলোচনা,Native Bengali speaker,PENDING,,,NO
CE-L01-M02-L03-HI-79da43c9,CE-L01-M02-L03,Level 1 · Lesson 2.3,55,Hindi,Gloss,huddle (n.) → संक्षिप्त बैठक / हडल,Native Hindi speaker,PENDING,,,NO
CE-L01-M02-L03-BN-37b466b5,CE-L01-M02-L03,Level 1 · Lesson 2.3,55,Bengali,Gloss,email signature (n.) → ইমেইল সিগনেচার,Native Bengali speaker,PENDING,,,NO
CE-L01-M02-L03-HI-2cb0b7bf,CE-L01-M02-L03,Level 1 · Lesson 2.3,55,Hindi,Gloss,email signature (n.) → ईमेल हस्ताक्षर,Native Hindi speaker,PENDING,,,NO
CE-L01-M02-L03-BN-b99f6aee,CE-L01-M02-L03,Level 1 · Lesson 2.3,55,Bengali,Gloss,to flag (something) (v.) → চিহ্নিত করা / জানানো,Native Bengali speaker,PENDING,,,NO
CE-L01-M02-L03-HI-f64a9dd7,CE-L01-M02-L03,Level 1 · Lesson 2.3,55,Hindi,Gloss,to flag (something) (v.) → निशान लगाना / बताना,Native Hindi speaker,PENDING,,,NO
CE-L01-M02-L03-BN-0feffb01,CE-L01-M02-L03,Level 1 · Lesson 2.3,55,Bengali,Gloss,client list (n.) → ক্লায়েন্ট তালিকা,Native Bengali speaker,PENDING,,,NO
CE-L01-M02-L03-HI-fb8a3ec4,CE-L01-M02-L03,Level 1 · Lesson 2.3,55,Hindi,Gloss,client list (n.) → क्लाइंट सूची,Native Hindi speaker,PENDING,,,NO
CE-L01-M02-L03-BN-2cf13b30,CE-L01-M02-L03,Level 1 · Lesson 2.3,57,Bengali,Gloss,"যদি...তাহলে   [in: The conditional pattern ""if... just..."": Bengali learners sometimes translate this too literally into a formal "" যদি...তাহলে "" structure, which sounds overly fo…]",Native Bengali speaker,PENDING,,,NO
CE-L01-M02-L03-HI-abe868be,CE-L01-M02-L03,Level 1 · Lesson 2.3,57,Hindi,Gloss,"अगर...तो   [in: Avoid over-formalizing "" अगर...तो "" into ""If... then..."" in speech here; natural spoken English often drops ""then"" entirely in casual instructions (""If anything…]",Native Hindi speaker,PENDING,,,NO
CE-L01-M02-L04-BN-f59e1592,CE-L01-M02-L04,Level 1 · Lesson 2.4,60,Bengali,Gloss,hallway (n.) → করিডোর,Native Bengali speaker,PENDING,,,NO
CE-L01-M02-L04-HI-6cc29307,CE-L01-M02-L04,Level 1 · Lesson 2.4,60,Hindi,Gloss,hallway (n.) → गलियारा / कॉरिडोर,Native Hindi speaker,PENDING,,,NO
CE-L01-M02-L04-BN-717eb74d,CE-L01-M02-L04,Level 1 · Lesson 2.4,60,Bengali,Gloss,washroom (n.) → ওয়াশরুম,Native Bengali speaker,PENDING,,,NO
CE-L01-M02-L04-HI-cdabd1b7,CE-L01-M02-L04,Level 1 · Lesson 2.4,60,Hindi,Gloss,washroom (n.) → वॉशरूम,Native Hindi speaker,PENDING,,,NO
CE-L01-M02-L04-BN-cb8ca52e,CE-L01-M02-L04,Level 1 · Lesson 2.4,60,Bengali,Gloss,break room (n.) → ব্রেক রুম,Native Bengali speaker,PENDING,,,NO
CE-L01-M02-L04-HI-f86706bd,CE-L01-M02-L04,Level 1 · Lesson 2.4,60,Hindi,Gloss,break room (n.) → ब्रेक रूम,Native Hindi speaker,PENDING,,,NO
CE-L01-M02-L04-BN-b27f297b,CE-L01-M02-L04,Level 1 · Lesson 2.4,61,Bengali,Gloss,"বাংলা / ওয়াশরুম কোথায়   [in: Bengali and Hindi keep the normal question order inside a longer question, so learners often say ""Could you tell me where is the washroom?"" In English, the inne…]",Native Bengali speaker,PENDING,,,NO
CE-L01-M02-L04-HI-48d6caf2,CE-L01-M02-L04,Level 1 · Lesson 2.4,61,Hindi,Example sentence,"हिंदी / वॉशरूम कहाँ है   [in: Bengali and Hindi keep the normal question order inside a longer question, so learners often say ""Could you tell me where is the washroom?"" In English, the inne…]",Native Hindi speaker,PENDING,,,NO
CE-L01-M03-L01-BN-dc427673,CE-L01-M03-L01,Level 1 · Lesson 3.1,72,Bengali,Gloss,"স্যার / ম্যাডাম   [in: Bengali workplace culture often defaults to an honorific ("" স্যার "" / "" ম্যাডাম "") far more broadly than English does — used with almost anyone senior, and ofte…]",Native Bengali speaker,PENDING,,,NO
CE-L01-M03-L01-HI-544a9452,CE-L01-M03-L01,Level 1 · Lesson 3.1,72,Hindi,Gloss,"साहब / मैडम   [in: The same pattern applies to "" साहब "" / "" मैडम "" — a habit of addressing almost anyone respectfully senior this way doesn't map directly onto English's narrower …]",Native Hindi speaker,PENDING,,,NO
CE-L01-M03-L02-BN-5c98e9df,CE-L01-M03-L02,Level 1 · Lesson 3.2,77,Bengali,Translation,"কথোপকথন শুরু করা মানেই দীর্ঘ কথা বলা নয় — সংক্ষিপ্ত প্রশ্ন-উত্তর বিনিময়ই যথেষ্ট, যতক্ষণ না দুজনেই কথা বলার সুযোগ পাচ্ছেন। প্রশ্নটি ফিরিয়ে দেওয়া ভদ্রতা দেখানোর সবচেয়ে সহজ উপায়",Native Bengali speaker,PENDING,,,NO
CE-L01-M03-L03-BN-acb667af,CE-L01-M03-L03,Level 1 · Lesson 3.3,81,Bengali,Translation,"কোন বিষয়টি ব্যক্তিগত তা সংস্কৃতিভেদে ভিন্ন হতে পারে — যা এক কর্মক্ষেত্রে স্বাভাবিক প্রশ্ন, অন্য কর্মক্ষেত্রে তা অতিরিক্ত ব্যক্তিগত মনে হতে পারে। এখানে লক্ষ্য কোনো কঠোর নিয়ম মুখস্থ করা নয়, বরং সচেতনতা তৈরি করা — প্রশ্নটি অন্য কাউকে অস্বস্তিতে ফেলতে পারে কিনা তা বোঝা",Native Bengali speaker,PENDING,,,NO
CE-L01-M03-L04-BN-e4361a74,CE-L01-M03-L04,Level 1 · Lesson 3.4,84,Bengali,Translation,"কথোপকথন শেষ করা মানেই সম্পর্ক শেষ করা নয় — একটি সংক্ষিপ্ত, উষ্ণ সমাপ্তি বাক্য এবং কাজে ফেরার হালকা কারণ যথেষ্ট। দীর্ঘ ব্যাখ্যার প্রয়োজন নেই",Native Bengali speaker,PENDING,,,NO
CE-L01-M04-L01-BN-7e16e69d,CE-L01-M04-L01,Level 1 · Lesson 4.1,90,Bengali,Translation,"নির্দেশনা শোনার সময় তিনটি জিনিস ধরার চেষ্টা করুন কী করতে হবে কীসের উপর করতে হবে এবং কোন সময়ের মধ্যে করতে হবে প্রায়ই বাক্যের একদম শেষে, হালকা স্বরে বলা হয় — মনোযোগ শিথিল করবেন না বাক্য শেষ হওয়া পর্যন্ত",Native Bengali speaker,PENDING,,,NO
CE-L01-M04-L02-BN-eab735aa,CE-L01-M04-L02,Level 1 · Lesson 4.2,94,Bengali,Translation,"শুধু ঠিক আছে বলাটা আপনি শুনেছেন তা বোঝায়, কিন্তু আপনি সঠিকভাবে বুঝেছেন তা প্রমাণ করে না। নির্দেশনাটি নিজের ভাষায় সংক্ষেপে ফিরিয়ে বলাই সবচেয়ে নিরাপদ অভ্যাস — এতে ভুল বোঝাবুঝি সাথে সাথেই ধরা পড়ে",Native Bengali speaker,PENDING,,,NO
CE-L01-M04-L03-BN-e8414d8e,CE-L01-M04-L03,Level 1 · Lesson 4.3,97,Bengali,Example sentence,"এবং / এর মতো সংক্ষিপ্ত রূপ সরাসরি বাংলায় অনুবাদ করা যায় না — এগুলো ইংরেজি কর্মক্ষেত্রের নিজস্ব সংক্ষিপ্ত ভাষা, যা মুখস্থ করে নেওয়াই ভালো / মানে আজকের কর্মদিবস শেষ হওয়ার আগে / মানে যত দ্রুত সম্ভব   [in: ""EOD"" (by end of day) এবং ""ASAP"" (as soon as possible)- এর মতো সংক্ষিপ্ত রূপ সরাসরি বাংলায় অনুবাদ করা যায় না — এগুলো ইংরেজি কর্মক্ষেত্রের নিজস্ব সংক্ষিপ্ত ভাষ…]",Native Bengali speaker,PENDING,,,NO
CE-L01-M04-L04-BN-c2460bcd,CE-L01-M04-L04,Level 1 · Lesson 4.4,100,Bengali,Translation,আমি বুঝিনি শুধু বললে আপনার সুপারভাইজারকে পুরো নির্দেশনাটা আবার প্রথম থেকে ব্যাখ্যা করতে হয়। কোন নির্দিষ্ট অংশটা অস্পষ্ট তা বলে দিলে (যেমন শেষ অংশটা বা বলতে ঠিক কী বোঝাচ্ছেন দ্রুত এবং সঠিক উত্তর পাওয়া যায়,Native Bengali speaker,PENDING,,,NO
CE-L01-M05-L01-BN-999258d3,CE-L01-M05-L01,Level 1 · Lesson 5.1,107,Bengali,Translation,"একবার বলাই যথেষ্ট — বারবার ক্ষমা চাওয়ার দরকার নেই। এটি ভুল স্বীকার করা নয়, শুধু কিছু মিস করা — এটা খুবই স্বাভাবিক ঘটনা",Native Bengali speaker,PENDING,,,NO
CE-L01-M05-L01-HI-ee7b83f0,CE-L01-M05-L01,Level 1 · Lesson 5.1,107,Hindi,Translation,"। एक बार कहना काफी है — बार-बार माफी माँगने की ज़रूरत नहीं। कुछ सुनाई न देना कोई गलती नहीं है, यह हर किसी के साथ होता है।",Native Hindi speaker,PENDING,,,NO
CE-L01-M05-L02-BN-fa9e774c,CE-L01-M05-L02,Level 1 · Lesson 5.2,111,Bengali,Translation,"কী বলতে চাইছেন অনেক সময় বাংলা হিন্দিতে স্বাভাবিক শোনালেও, ইংরেজিতে এর সরাসরি অনুবাদ প্রায়ই খুব অস্পষ্ট শোনায়। নির্দিষ্ট বিকল্প বা বিস্তারিত উল্লেখ করে প্রশ্ন করা অনেক বেশি পেশাদার শোনায়",Native Bengali speaker,PENDING,,,NO
CE-L01-M05-L02-HI-5869de6e,CE-L01-M05-L02,Level 1 · Lesson 5.2,111,Hindi,Translation,आपका क्या मतलब है आपका क्या मतलब है का सीधा अनुवाद अंग्रेज़ी में अक्सर बहुत अस्पष्ट लगता है — किसी खास विकल्प या विवरण का नाम लेकर पूछना कहीं ज़्यादा पेशेवर लगता है।,Native Hindi speaker,PENDING,,,NO
CE-L01-M05-L03-BN-477cc02d,CE-L01-M05-L03,Level 1 · Lesson 5.3,115,Bengali,Translation,"সহকর্মী ও ঊর্ধ্বতন কর্মকর্তা — উভয়ের কাছে প্রশ্ন করার ধরন একই হওয়া উচিত নয়। ছোট, দৈনন্দিন প্রশ্ন সহকর্মীকে সরাসরি জিজ্ঞাসা করা যায়, কিন্তু গুরুত্বপূর্ণ বা সিদ্ধান্ত-সম্পর্কিত প্রশ্নের জন্য ঊর্ধ্বতন কর্মকর্তার কাছে যাওয়াই ভালো, এমনকি সহকর্মী উত্তরটি জানলেও",Native Bengali speaker,PENDING,,,NO
CE-L01-M05-L03-HI-00c7ce52,CE-L01-M05-L03,Level 1 · Lesson 5.3,115,Hindi,Translation,"। सहकर्मी और वरिष्ठ अधिकारी — दोनों से पूछने का तरीका एक जैसा नहीं होना चाहिए। छोटे, रोज़मर्रा के सवाल सीधे सहकर्मी से पूछे जा सकते हैं, लेकिन महत्वपूर्ण या निर्णय से जुड़े सवालों के लिए वरिष्ठ अधिकारी से पूछना बेहतर है, भले ही सहकर्मी को भी जवाब पता हो।",Native Hindi speaker,PENDING,,,NO
CE-L01-M06-L01-BN-21e3d545,CE-L01-M06-L01,Level 1 · Lesson 6.1,119,Bengali,Gloss,"মানবসম্পদ বিভাগ (এইচআর   [in: V-0150 HR (Human Resources) The department that handles hiring, pay, leave, and workplace policy মানবসম্পদ বিভাগ (এইচআর ) मानव संसाधन विभाग (एचआर )]",Native Bengali speaker,PENDING,,,NO
CE-L01-M06-L01-HI-fbec3787,CE-L01-M06-L01,Level 1 · Lesson 6.1,119,Hindi,Gloss,"मानव संसाधन विभाग (एचआर   [in: V-0150 HR (Human Resources) The department that handles hiring, pay, leave, and workplace policy মানবসম্পদ বিভাগ (এইচআর ) मानव संसाधन विभाग (एचआर )]",Native Hindi speaker,PENDING,,,NO
CE-L01-M06-L01-BN-03486e18,CE-L01-M06-L01,Level 1 · Lesson 6.1,119,Bengali,Gloss,ফ্রন্ট ডেস্ক (অভ্যর্থনা কাউন্টার   [in: V-0151 front desk The staffed counter where visitors or guests are first greeted ফ্রন্ট ডেস্ক (অভ্যর্থনা কাউন্টার ) फ्रंट डेस्क (स्वागत काउंटर )],Native Bengali speaker,PENDING,,,NO
CE-L01-M06-L01-HI-c84d2531,CE-L01-M06-L01,Level 1 · Lesson 6.1,119,Hindi,Gloss,फ्रंट डेस्क (स्वागत काउंटर   [in: V-0151 front desk The staffed counter where visitors or guests are first greeted ফ্রন্ট ডেস্ক (অভ্যর্থনা কাউন্টার ) फ्रंट डेस्क (स्वागत काउंटर )],Native Hindi speaker,PENDING,,,NO
CE-L01-M06-L01-BN-aa143d07,CE-L01-M06-L01,Level 1 · Lesson 6.1,119,Bengali,Gloss,হাউসকিপিং বিভাগ   [in: V-0152 housekeeping The department responsible for cleaning and maintaining a building's rooms/areas হাউসকিপিং বিভাগ हाउसकीपिंग विभाग],Native Bengali speaker,PENDING,,,NO
CE-L01-M06-L01-HI-3b8ea6bc,CE-L01-M06-L01,Level 1 · Lesson 6.1,119,Hindi,Gloss,हाउसकीपिंग विभाग   [in: V-0152 housekeeping The department responsible for cleaning and maintaining a building's rooms/areas হাউসকিপিং বিভাগ हाउसकीपिंग विभाग],Native Hindi speaker,PENDING,,,NO
CE-L01-M06-L01-BN-85a1388f,CE-L01-M06-L01,Level 1 · Lesson 6.1,119,Bengali,Gloss,"অ্যাকাউন্টস বিভাগ   [in: V-0153 Accounts (dept.) The department that handles money, invoices, and payments অ্যাকাউন্টস বিভাগ लेखा (अकाउंट्स) विभाग]",Native Bengali speaker,PENDING,,,NO
CE-L01-M06-L01-HI-28b22204,CE-L01-M06-L01,Level 1 · Lesson 6.1,119,Hindi,Gloss,"लेखा (अकाउंट्स) विभाग   [in: V-0153 Accounts (dept.) The department that handles money, invoices, and payments অ্যাকাউন্টস বিভাগ लेखा (अकाउंट्स) विभाग]",Native Hindi speaker,PENDING,,,NO
CE-L01-M06-L01-BN-7455cb2c,CE-L01-M06-L01,Level 1 · Lesson 6.1,119,Bengali,Gloss,বিক্রয় বিভাগ   [in: V-0154 Sales (dept.) The department responsible for selling products or services বিক্রয় বিভাগ बिक्री (सेल्स) विभाग],Native Bengali speaker,PENDING,,,NO
CE-L01-M06-L01-HI-c0bc5b50,CE-L01-M06-L01,Level 1 · Lesson 6.1,119,Hindi,Gloss,बिक्री (सेल्स) विभाग   [in: V-0154 Sales (dept.) The department responsible for selling products or services বিক্রয় বিভাগ बिक्री (सेल्स) विभाग],Native Hindi speaker,PENDING,,,NO
CE-L01-M06-L01-BN-0f3d6008,CE-L01-M06-L01,Level 1 · Lesson 6.1,119,Bengali,Gloss,"আইটি সাপোর্ট   [in: V-0155 IT support The team that fixes computer, network, and technical problems আইটি সাপোর্ট आईटी सपोर्ट]",Native Bengali speaker,PENDING,,,NO
CE-L01-M06-L01-HI-d9f2d188,CE-L01-M06-L01,Level 1 · Lesson 6.1,119,Hindi,Gloss,"आईटी सपोर्ट   [in: V-0155 IT support The team that fixes computer, network, and technical problems আইটি সাপোর্ট आईटी सपोर्ट]",Native Hindi speaker,PENDING,,,NO
CE-L01-M06-L01-BN-6fb388cc,CE-L01-M06-L01,Level 1 · Lesson 6.1,119,Bengali,Gloss,গ্রাহক সেবা   [in: V-0156 customer service The team or role that helps and responds to customers directly গ্রাহক সেবা ग्राहक सेवा],Native Bengali speaker,PENDING,,,NO
CE-L01-M06-L01-HI-b313cd22,CE-L01-M06-L01,Level 1 · Lesson 6.1,119,Hindi,Gloss,ग्राहक सेवा   [in: V-0156 customer service The team or role that helps and responds to customers directly গ্রাহক সেবা ग्राहक सेवा],Native Hindi speaker,PENDING,,,NO
CE-L01-M06-L01-BN-aece8c7a,CE-L01-M06-L01,Level 1 · Lesson 6.1,119,Bengali,Gloss,রিসেপশনিস্ট   [in: V-0157 receptionist The person who staffs the front desk/reception area রিসেপশনিস্ট रिसेप्शनिस्ट],Native Bengali speaker,PENDING,,,NO
CE-L01-M06-L01-HI-64bd6ca0,CE-L01-M06-L01,Level 1 · Lesson 6.1,119,Hindi,Gloss,रिसेप्शनिस्ट   [in: V-0157 receptionist The person who staffs the front desk/reception area রিসেপশনিস্ট रिसेप्शनिस्ट],Native Hindi speaker,PENDING,,,NO
CE-L01-M06-L01-BN-9d01ac98,CE-L01-M06-L01,Level 1 · Lesson 6.1,119,Bengali,Gloss,"ইন্টার্ন (শিক্ষানবিশ   [in: V-0158 intern A student or new person doing temporary, often unpaid or short-term, work to gain experience ইন্টার্ন (শিক্ষানবিশ ) इंटर्न (प्रशिक्षु )]",Native Bengali speaker,PENDING,,,NO
CE-L01-M06-L01-HI-fe906ed1,CE-L01-M06-L01,Level 1 · Lesson 6.1,119,Hindi,Gloss,"इंटर्न (प्रशिक्षु   [in: V-0158 intern A student or new person doing temporary, often unpaid or short-term, work to gain experience ইন্টার্ন (শিক্ষানবিশ ) इंटर्न (प्रशिक्षु )]",Native Hindi speaker,PENDING,,,NO
CE-L01-M06-L01-BN-86342024,CE-L01-M06-L01,Level 1 · Lesson 6.1,119,Bengali,Gloss,"ট্রেইনি (প্রশিক্ষণার্থী   [in: V-0159 trainee A person who is currently being trained for a role, usually paid and longer-term than an intern ট্রেইনি (প্রশিক্ষণার্থী ) ट्रेनी (प्रशिक्षणार्थी …]",Native Bengali speaker,PENDING,,,NO
CE-L01-M06-L01-HI-4a432248,CE-L01-M06-L01,Level 1 · Lesson 6.1,119,Hindi,Gloss,"ट्रेनी (प्रशिक्षणार्थी   [in: V-0159 trainee A person who is currently being trained for a role, usually paid and longer-term than an intern ট্রেইনি (প্রশিক্ষণার্থী ) ट्रेनी (प्रशिक्षणार्थी …]",Native Hindi speaker,PENDING,,,NO
CE-L01-M06-L02-BN-842dc29a,CE-L01-M06-L02,Level 1 · Lesson 6.2,124,Bengali,Gloss,মিটিং রুম (সভা কক্ষ   [in: V-0160 meeting room A room set aside for meetings/discussions মিটিং রুম (সভা কক্ষ ) मीटिंग रूम (बैठक कक्ष )],Native Bengali speaker,PENDING,,,NO
CE-L01-M06-L02-HI-e690572d,CE-L01-M06-L02,Level 1 · Lesson 6.2,124,Hindi,Gloss,मीटिंग रूम (बैठक कक्ष   [in: V-0160 meeting room A room set aside for meetings/discussions মিটিং রুম (সভা কক্ষ ) मीटिंग रूम (बैठक कक्ष )],Native Hindi speaker,PENDING,,,NO
CE-L01-M06-L02-BN-45f3d5b5,CE-L01-M06-L02,Level 1 · Lesson 6.2,124,Bengali,Gloss,"স্টোররুম / গুদাম   [in: V-0161 storeroom / warehouse A room or building for storing supplies, stock, or equipment স্টোররুম / গুদাম स्टोररूम / गोदाम]",Native Bengali speaker,PENDING,,,NO
CE-L01-M06-L02-HI-3918d73f,CE-L01-M06-L02,Level 1 · Lesson 6.2,124,Hindi,Gloss,"स्टोररूम / गोदाम   [in: V-0161 storeroom / warehouse A room or building for storing supplies, stock, or equipment স্টোররুম / গুদাম स्टोररूम / गोदाम]",Native Hindi speaker,PENDING,,,NO
CE-L01-M06-L02-BN-91e38908,CE-L01-M06-L02,Level 1 · Lesson 6.2,124,Bengali,Gloss,আইডি কার্ড (পরিচয়পত্র   [in: V-0162 ID card A card that identifies who you are and often what you're allowed to access আইডি কার্ড (পরিচয়পত্র ) आईडी कार्ड (पहचान पत्र )],Native Bengali speaker,PENDING,,,NO
CE-L01-M06-L02-HI-15a54cd3,CE-L01-M06-L02,Level 1 · Lesson 6.2,124,Hindi,Gloss,आईडी कार्ड (पहचान पत्र   [in: V-0162 ID card A card that identifies who you are and often what you're allowed to access আইডি কার্ড (পরিচয়পত্র ) आईडी कार्ड (पहचान पत्र )],Native Hindi speaker,PENDING,,,NO
CE-L01-M06-L02-BN-3f430636,CE-L01-M06-L02,Level 1 · Lesson 6.2,124,Bengali,Gloss,কম্পিউটার / ল্যাপটপ   [in: V-0163 computer / laptop The device used for most office/desk work কম্পিউটার / ল্যাপটপ कंप्यूटर / लैपटॉप],Native Bengali speaker,PENDING,,,NO
CE-L01-M06-L02-HI-d03332f2,CE-L01-M06-L02,Level 1 · Lesson 6.2,124,Hindi,Gloss,कंप्यूटर / लैपटॉप   [in: V-0163 computer / laptop The device used for most office/desk work কম্পিউটার / ল্যাপটপ कंप्यूटर / लैपटॉप],Native Hindi speaker,PENDING,,,NO
CE-L01-M06-L02-BN-a54eea8c,CE-L01-M06-L02,Level 1 · Lesson 6.2,124,Bengali,Gloss,প্রিন্টার   [in: V-0164 printer The machine used to print documents on paper প্রিন্টার प्रिंटर],Native Bengali speaker,PENDING,,,NO
CE-L01-M06-L02-HI-155963ff,CE-L01-M06-L02,Level 1 · Lesson 6.2,124,Hindi,Gloss,प्रिंटर   [in: V-0164 printer The machine used to print documents on paper প্রিন্টার प्रिंटर],Native Hindi speaker,PENDING,,,NO
CE-L01-M06-L02-BN-27d74741,CE-L01-M06-L02,Level 1 · Lesson 6.2,124,Bengali,Gloss,ফর্ম   [in: V-0165 form A document with blank spaces to fill in information ফর্ম फॉर्म],Native Bengali speaker,PENDING,,,NO
CE-L01-M06-L02-HI-3124cc94,CE-L01-M06-L02,Level 1 · Lesson 6.2,124,Hindi,Gloss,फॉर्म   [in: V-0165 form A document with blank spaces to fill in information ফর্ম फॉर्म],Native Hindi speaker,PENDING,,,NO
CE-L01-M06-L02-BN-2690e097,CE-L01-M06-L02,Level 1 · Lesson 6.2,124,Bengali,Gloss,ফাইল   [in: V-0166 file (noun) A folder or document that holds related papers or records ফাইল फ़ाइल],Native Bengali speaker,PENDING,,,NO
CE-L01-M06-L02-HI-e699318b,CE-L01-M06-L02,Level 1 · Lesson 6.2,124,Hindi,Gloss,फ़ाइल   [in: V-0166 file (noun) A folder or document that holds related papers or records ফাইল फ़ाइल],Native Hindi speaker,PENDING,,,NO
CE-L01-M06-L02-BN-6c13cc9b,CE-L01-M06-L02,Level 1 · Lesson 6.2,124,Bengali,Gloss,ইমেইল   [in: V-0167 email A written message sent electronically ইমেইল ईमेल],Native Bengali speaker,PENDING,,,NO
CE-L01-M06-L02-HI-bba8341a,CE-L01-M06-L02,Level 1 · Lesson 6.2,124,Hindi,Gloss,ईमेल   [in: V-0167 email A written message sent electronically ইমেইল ईमेल],Native Hindi speaker,PENDING,,,NO
CE-L01-M06-L02-BN-0df5a826,CE-L01-M06-L02,Level 1 · Lesson 6.2,124,Bengali,Gloss,"মেমো (স্মারকলিপি   [in: V-0168 memo A short, official written note sent within a company মেমো (স্মারকলিপি ) मेमो (ज्ञापन )]",Native Bengali speaker,PENDING,,,NO
CE-L01-M06-L02-HI-9c313985,CE-L01-M06-L02,Level 1 · Lesson 6.2,124,Hindi,Gloss,"मेमो (ज्ञापन   [in: V-0168 memo A short, official written note sent within a company মেমো (স্মারকলিপি ) मेमो (ज्ञापन )]",Native Hindi speaker,PENDING,,,NO
CE-L01-M06-L02-BN-1edc9521,CE-L01-M06-L02,Level 1 · Lesson 6.2,124,Bengali,Gloss,নোটিশ বোর্ড   [in: V-0169 notice board A board where announcements or notices are posted for staff নোটিশ বোর্ড नोटिस बोर्ड],Native Bengali speaker,PENDING,,,NO
CE-L01-M06-L02-HI-4f6d33aa,CE-L01-M06-L02,Level 1 · Lesson 6.2,124,Hindi,Gloss,नोटिस बोर्ड   [in: V-0169 notice board A board where announcements or notices are posted for staff নোটিশ বোর্ড नोटिस बोर्ड],Native Hindi speaker,PENDING,,,NO
CE-L01-M06-L02-BN-9ef7965a,CE-L01-M06-L02,Level 1 · Lesson 6.2,124,Bengali,Gloss,"রেজিস্টার / লগ   [in: V-0170 register / log A written record kept of events, entries, or activity over time রেজিস্টার / লগ रजिस्टर / लॉग]",Native Bengali speaker,PENDING,,,NO
CE-L01-M06-L02-HI-914f3567,CE-L01-M06-L02,Level 1 · Lesson 6.2,124,Hindi,Gloss,"रजिस्टर / लॉग   [in: V-0170 register / log A written record kept of events, entries, or activity over time রেজিস্টার / লগ रजिस्टर / लॉग]",Native Hindi speaker,PENDING,,,NO
CE-L01-M06-L03-BN-ff43dfeb,CE-L01-M06-L03,Level 1 · Lesson 6.3,128,Bengali,Gloss,"শিফট (কর্মঘণ্টা   [in: V-0171 shift A scheduled block of working time (e.g., morning shift, night shift) শিফট (কর্মঘণ্টা ) शिफ्ट (कार्य-अवधि )]",Native Bengali speaker,PENDING,,,NO
CE-L01-M06-L03-HI-4d2e75e3,CE-L01-M06-L03,Level 1 · Lesson 6.3,128,Hindi,Gloss,"शिफ्ट (कार्य-अवधि   [in: V-0171 shift A scheduled block of working time (e.g., morning shift, night shift) শিফট (কর্মঘণ্টা ) शिफ्ट (कार्य-अवधि )]",Native Hindi speaker,PENDING,,,NO
CE-L01-M06-L03-BN-8c6bbeba,CE-L01-M06-L03,Level 1 · Lesson 6.3,128,Bengali,Gloss,রোস্টার (ডিউটি তালিকা   [in: V-0172 roster The published schedule showing who works which shift and when রোস্টার (ডিউটি তালিকা ) रोस्टर (ड्यूटी सूची )],Native Bengali speaker,PENDING,,,NO
CE-L01-M06-L03-HI-9a96161e,CE-L01-M06-L03,Level 1 · Lesson 6.3,128,Hindi,Gloss,रोस्टर (ड्यूटी सूची   [in: V-0172 roster The published schedule showing who works which shift and when রোস্টার (ডিউটি তালিকা ) रोस्टर (ड्यूटी सूची )],Native Hindi speaker,PENDING,,,NO
CE-L01-M06-L03-BN-0b0ffd65,CE-L01-M06-L03,Level 1 · Lesson 6.3,128,Bengali,Gloss,সময়মতো   [in: V-0173 on time At the planned time; not late সময়মতো समय पर],Native Bengali speaker,PENDING,,,NO
CE-L01-M06-L03-HI-63abceeb,CE-L01-M06-L03,Level 1 · Lesson 6.3,128,Hindi,Gloss,समय पर   [in: V-0173 on time At the planned time; not late সময়মতো समय पर],Native Hindi speaker,PENDING,,,NO
CE-L01-M06-L03-BN-ae897d70,CE-L01-M06-L03,Level 1 · Lesson 6.3,128,Bengali,Gloss,দেরি হওয়া   [in: V-0174 late Arriving or finishing after the expected time দেরি হওয়া देर होना],Native Bengali speaker,PENDING,,,NO
CE-L01-M06-L03-HI-ffbe4db7,CE-L01-M06-L03,Level 1 · Lesson 6.3,128,Hindi,Gloss,देर होना   [in: V-0174 late Arriving or finishing after the expected time দেরি হওয়া देर होना],Native Hindi speaker,PENDING,,,NO
CE-L01-M06-L03-BN-885bdea9,CE-L01-M06-L03,Level 1 · Lesson 6.3,128,Bengali,Gloss,ওভারটাইম (অতিরিক্ত সময়   [in: V-0175 overtime Extra time worked beyond your normal scheduled hours ওভারটাইম (অতিরিক্ত সময় ) ओवरटाइम (अतिरिक्त समय )],Native Bengali speaker,PENDING,,,NO
CE-L01-M06-L03-HI-c4a2e594,CE-L01-M06-L03,Level 1 · Lesson 6.3,128,Hindi,Gloss,ओवरटाइम (अतिरिक्त समय   [in: V-0175 overtime Extra time worked beyond your normal scheduled hours ওভারটাইম (অতিরিক্ত সময় ) ओवरटाइम (अतिरिक्त समय )],Native Hindi speaker,PENDING,,,NO
CE-L01-M06-L03-BN-cdac31d1,CE-L01-M06-L03,Level 1 · Lesson 6.3,128,Bengali,Gloss,সময়সীমা (ডেডলাইন   [in: V-0176 deadline The latest time or date by which something must be finished সময়সীমা (ডেডলাইন ) समय सीमा (डेडलाइन )],Native Bengali speaker,PENDING,,,NO
CE-L01-M06-L03-HI-d38b0e51,CE-L01-M06-L03,Level 1 · Lesson 6.3,128,Hindi,Gloss,समय सीमा (डेडलाइन   [in: V-0176 deadline The latest time or date by which something must be finished সময়সীমা (ডেডলাইন ) समय सीमा (डेडलाइन )],Native Hindi speaker,PENDING,,,NO
CE-L01-M06-L03-BN-08286944,CE-L01-M06-L03,Level 1 · Lesson 6.3,128,Bengali,Gloss,"ছুটি   [in: V-0177 leave Approved time away from work (e.g., sick leave, annual leave) ছুটি छुट्टी]",Native Bengali speaker,PENDING,,,NO
CE-L01-M06-L03-HI-9fa129f0,CE-L01-M06-L03,Level 1 · Lesson 6.3,128,Hindi,Gloss,"छुट्टी   [in: V-0177 leave Approved time away from work (e.g., sick leave, annual leave) ছুটি छुट्टी]",Native Hindi speaker,PENDING,,,NO
CE-L01-M06-L03-BN-02e0d6dc,CE-L01-M06-L03,Level 1 · Lesson 6.3,128,Bengali,Gloss,ছুটির দিন   [in: V-0178 day off A single day scheduled without work ছুটির দিন अवकाश का दिन],Native Bengali speaker,PENDING,,,NO
CE-L01-M06-L03-HI-12001591,CE-L01-M06-L03,Level 1 · Lesson 6.3,128,Hindi,Gloss,अवकाश का दिन   [in: V-0178 day off A single day scheduled without work ছুটির দিন अवकाश का दिन],Native Hindi speaker,PENDING,,,NO
CE-L01-M06-L04-BN-f6b2098b,CE-L01-M06-L04,Level 1 · Lesson 6.4,132,Bengali,Gloss,দায়িত্ব / অ্যাসাইনমেন্ট   [in: V-0179 assignment A specific piece of work given to someone to complete দায়িত্ব / অ্যাসাইনমেন্ট असाइनमेंट (सौंपा गया कार्य )],Native Bengali speaker,PENDING,,,NO
CE-L01-M06-L04-HI-623b6f12,CE-L01-M06-L04,Level 1 · Lesson 6.4,132,Hindi,Gloss,असाइनमेंट (सौंपा गया कार्य   [in: V-0179 assignment A specific piece of work given to someone to complete দায়িত্ব / অ্যাসাইনমেন্ট असाइनमेंट (सौंपा गया कार्य )],Native Hindi speaker,PENDING,,,NO
CE-L01-M06-L04-BN-4221e603,CE-L01-M06-L04,Level 1 · Lesson 6.4,132,Bengali,Gloss,"সম্পন্ন / সম্পূর্ণ   [in: V-0180 complete (task status) Fully finished, with nothing left to do সম্পন্ন / সম্পূর্ণ पूर्ण / पूरा]",Native Bengali speaker,PENDING,,,NO
CE-L01-M06-L04-HI-8cd75e2f,CE-L01-M06-L04,Level 1 · Lesson 6.4,132,Hindi,Gloss,"पूर्ण / पूरा   [in: V-0180 complete (task status) Fully finished, with nothing left to do সম্পন্ন / সম্পূর্ণ पूर्ण / पूरा]",Native Hindi speaker,PENDING,,,NO
CE-L01-M06-L04-BN-c754c62e,CE-L01-M06-L04,Level 1 · Lesson 6.4,132,Bengali,Gloss,"চলমান (কাজ চলছে   [in: V-0181 in progress Started, but not yet finished চলমান (কাজ চলছে ) प्रगति पर (काम जारी है )]",Native Bengali speaker,PENDING,,,NO
CE-L01-M06-L04-HI-1ce1fca1,CE-L01-M06-L04,Level 1 · Lesson 6.4,132,Hindi,Gloss,"प्रगति पर (काम जारी है   [in: V-0181 in progress Started, but not yet finished চলমান (কাজ চলছে ) प्रगति पर (काम जारी है )]",Native Hindi speaker,PENDING,,,NO
CE-L01-M06-L04-BN-70ce4a21,CE-L01-M06-L04,Level 1 · Lesson 6.4,132,Bengali,Gloss,"অমীমাংসিত / মুলতুবি   [in: V-0182 pending Not yet started, often because it's waiting on something or someone else অমীমাংসিত / মুলতুবি लंबित (शुरू नहीं हुआ )]",Native Bengali speaker,PENDING,,,NO
CE-L01-M06-L04-HI-775f81dc,CE-L01-M06-L04,Level 1 · Lesson 6.4,132,Hindi,Gloss,"लंबित (शुरू नहीं हुआ   [in: V-0182 pending Not yet started, often because it's waiting on something or someone else অমীমাংসিত / মুলতুবি लंबित (शुरू नहीं हुआ )]",Native Hindi speaker,PENDING,,,NO
CE-L01-M06-L04-BN-e5915242,CE-L01-M06-L04,Level 1 · Lesson 6.4,132,Bengali,Gloss,দায়িত্ব অর্পণ করা   [in: V-0183 delegate (verb) To officially give a task to someone else to do দায়িত্ব অর্পণ করা कार्य सौंपना (डेलिगेट करना )],Native Bengali speaker,PENDING,,,NO
CE-L01-M06-L04-HI-20a4c951,CE-L01-M06-L04,Level 1 · Lesson 6.4,132,Hindi,Gloss,कार्य सौंपना (डेलिगेट करना   [in: V-0183 delegate (verb) To officially give a task to someone else to do দায়িত্ব অর্পণ করা कार्य सौंपना (डेलिगेट करना )],Native Hindi speaker,PENDING,,,NO
CE-L01-M06-L04-BN-209c8790,CE-L01-M06-L04,Level 1 · Lesson 6.4,132,Bengali,Gloss,ফলো আপ করা (পুনরায় খোঁজ নেওয়া   [in: V-0184 follow up To check on something again after some time has passed ফলো আপ করা (পুনরায় খোঁজ নেওয়া ) फॉलो अप करना (दोबारा जानकारी लेना )],Native Bengali speaker,PENDING,,,NO
CE-L01-M06-L04-HI-fe361027,CE-L01-M06-L04,Level 1 · Lesson 6.4,132,Hindi,Gloss,फॉलो अप करना (दोबारा जानकारी लेना   [in: V-0184 follow up To check on something again after some time has passed ফলো আপ করা (পুনরায় খোঁজ নেওয়া ) फॉलो अप करना (दोबारा जानकारी लेना )],Native Hindi speaker,PENDING,,,NO
CE-L01-M06-L04-BN-f336b082,CE-L01-M06-L04,Level 1 · Lesson 6.4,132,Bengali,Gloss,ব্যাকলগ (জমে থাকা কাজ   [in: V-0185 backlog A build-up of unfinished tasks waiting to be done ব্যাকলগ (জমে থাকা কাজ ) बैकलॉग (लंबित कार्यों का ढेर )],Native Bengali speaker,PENDING,,,NO
CE-L01-M06-L04-HI-61f52f9e,CE-L01-M06-L04,Level 1 · Lesson 6.4,132,Hindi,Gloss,बैकलॉग (लंबित कार्यों का ढेर   [in: V-0185 backlog A build-up of unfinished tasks waiting to be done ব্যাকলগ (জমে থাকা কাজ ) बैकलॉग (लंबित कार्यों का ढेर )],Native Hindi speaker,PENDING,,,NO
CE-L01-M06-L05-BN-e5fc5b24,CE-L01-M06-L05,Level 1 · Lesson 6.5,136,Bengali,Gloss,জমা দেওয়া   [in: V-0186 submit To formally hand in or send something for review/approval জমা দেওয়া जमा करना (सबमिट करना )],Native Bengali speaker,PENDING,,,NO
CE-L01-M06-L05-HI-8b824a0e,CE-L01-M06-L05,Level 1 · Lesson 6.5,136,Hindi,Gloss,जमा करना (सबमिट करना   [in: V-0186 submit To formally hand in or send something for review/approval জমা দেওয়া जमा करना (सबमिट करना )],Native Hindi speaker,PENDING,,,NO
CE-L01-M06-L05-BN-db9637bd,CE-L01-M06-L05,Level 1 · Lesson 6.5,136,Bengali,Gloss,"হালনাগাদ করা (আপডেট করা   [in: V-0187 update (verb) To add the latest information to something, or to inform someone of the latest status হালনাগাদ করা (আপডেট করা ) अपडेट करना]",Native Bengali speaker,PENDING,,,NO
CE-L01-M06-L05-HI-44c8294e,CE-L01-M06-L05,Level 1 · Lesson 6.5,136,Hindi,Gloss,"अपडेट करना   [in: V-0187 update (verb) To add the latest information to something, or to inform someone of the latest status হালনাগাদ করা (আপডেট করা ) अपडेट करना]",Native Hindi speaker,PENDING,,,NO
CE-L01-M06-L05-BN-d7adfed2,CE-L01-M06-L05,Level 1 · Lesson 6.5,136,Bengali,Gloss,"পর্যালোচনা করা (রিভিউ করা   [in: V-0188 review To look over something carefully, usually to check it before it's finalized পর্যালোচনা করা (রিভিউ করা ) समीक्षा करना (रिव्यू करना )]",Native Bengali speaker,PENDING,,,NO
CE-L01-M06-L05-HI-b863305f,CE-L01-M06-L05,Level 1 · Lesson 6.5,136,Hindi,Gloss,"समीक्षा करना (रिव्यू करना   [in: V-0188 review To look over something carefully, usually to check it before it's finalized পর্যালোচনা করা (রিভিউ করা ) समीक्षा करना (रिव्यू करना )]",Native Hindi speaker,PENDING,,,NO
CE-L01-M06-L05-BN-c0a261c9,CE-L01-M06-L05,Level 1 · Lesson 6.5,137,Bengali,Gloss,ঊর্ধ্বতন কর্তৃপক্ষের কাছে পাঠানো (এসকেলেট করা   [in: V-0189 escalate To pass a problem up to someone more senior when it can't be solved at your level ঊর্ধ্বতন কর্তৃপক্ষের কাছে পাঠানো (এসকেলেট করা ) उच्च अधिकारी त…],Native Bengali speaker,PENDING,,,NO
CE-L01-M06-L05-HI-c181421a,CE-L01-M06-L05,Level 1 · Lesson 6.5,137,Hindi,Gloss,उच्च अधिकारी तक पहुँचाना (एस्कलेट करना   [in: V-0189 escalate To pass a problem up to someone more senior when it can't be solved at your level ঊর্ধ্বতন কর্তৃপক্ষের কাছে পাঠানো (এসকেলেট করা ) उच्च अधिकारी त…],Native Hindi speaker,PENDING,,,NO
CE-L01-M06-L05-BN-7293584f,CE-L01-M06-L05,Level 1 · Lesson 6.5,137,Bengali,Gloss,অবহিত করা (জানানো   [in: V-0190 notify To formally inform someone about something অবহিত করা (জানানো ) सूचित करना],Native Bengali speaker,PENDING,,,NO
CE-L01-M06-L05-HI-d65021af,CE-L01-M06-L05,Level 1 · Lesson 6.5,137,Hindi,Gloss,सूचित करना   [in: V-0190 notify To formally inform someone about something অবহিত করা (জানানো ) सूचित करना],Native Hindi speaker,PENDING,,,NO
CE-L01-M06-L05-BN-66009333,CE-L01-M06-L05,Level 1 · Lesson 6.5,137,Bengali,Gloss,সমন্বয় করা   [in: V-0191 coordinate To organize people or tasks so they work together smoothly সমন্বয় করা समन्वय करना (कोऑर्डिनेट करना )],Native Bengali speaker,PENDING,,,NO
CE-L01-M06-L05-HI-23f27887,CE-L01-M06-L05,Level 1 · Lesson 6.5,137,Hindi,Gloss,समन्वय करना (कोऑर्डिनेट करना   [in: V-0191 coordinate To organize people or tasks so they work together smoothly সমন্বয় করা समन्वय करना (कोऑर्डिनेट करना )],Native Hindi speaker,PENDING,,,NO
CE-L01-M07-L01-BN-c0eebc83,CE-L01-M07-L01,Level 1 · Lesson 7.1,142,Bengali,Example sentence,"বাচনভঙ্গি / স্বর (শব্দের আক্ষরিক অর্থের বাইরে যে মনোভাব প্রকাশ পায়   [in: V-0192 tone — the attitude or feeling behind words, separate from their literal meaning. বাচনভঙ্গি / স্বর (শব্দের আক্ষরিক অর্থের বাইরে যে মনোভাব প্রকাশ পায় ) ·…]",Native Bengali speaker,PENDING,,,NO
CE-L01-M07-L01-HI-9258ad09,CE-L01-M07-L01,Level 1 · Lesson 7.1,142,Hindi,Example sentence,"लहजा / भाव (शब्दों के शाब्दिक अर्थ से अलग, उनके पीछे का रवैया   [in: V-0192 tone — the attitude or feeling behind words, separate from their literal meaning. বাচনভঙ্গি / স্বর (শব্দের আক্ষরিক অর্থের বাইরে যে মনোভাব প্রকাশ পায় ) ·…]",Native Hindi speaker,PENDING,,,NO
CE-L01-M07-L01-BN-d4ffadb7,CE-L01-M07-L01,Level 1 · Lesson 7.1,142,Bengali,Gloss,রূঢ় / অভদ্র   [in: V-0193 rude — disrespectful; ignoring how the other person will feel. রূঢ় / অভদ্র · असभ्य / रूखा],Native Bengali speaker,PENDING,,,NO
CE-L01-M07-L01-HI-e2e8b3dd,CE-L01-M07-L01,Level 1 · Lesson 7.1,142,Hindi,Gloss,असभ्य / रूखा   [in: V-0193 rude — disrespectful; ignoring how the other person will feel. রূঢ় / অভদ্র · असभ्य / रूखा],Native Hindi speaker,PENDING,,,NO
CE-L01-M07-L01-BN-815f013f,CE-L01-M07-L01,Level 1 · Lesson 7.1,143,Bengali,Gloss,"নৈমিত্তিক / সহজ-সরল (অনানুষ্ঠানিক   [in: V-0194 casual — relaxed and informal; fine with people you know well, risky with people you don't. নৈমিত্তিক / সহজ-সরল (অনানুষ্ঠানিক ) · अनौपचारिक / सहज]",Native Bengali speaker,PENDING,,,NO
CE-L01-M07-L01-HI-f8caad72,CE-L01-M07-L01,Level 1 · Lesson 7.1,143,Hindi,Gloss,"अनौपचारिक / सहज   [in: V-0194 casual — relaxed and informal; fine with people you know well, risky with people you don't. নৈমিত্তিক / সহজ-সরল (অনানুষ্ঠানিক ) · अनौपचारिक / सहज]",Native Hindi speaker,PENDING,,,NO
CE-L01-M07-L01-BN-cf452f30,CE-L01-M07-L01,Level 1 · Lesson 7.1,143,Bengali,Example sentence,"দ্বিধাগ্রস্ত / অস্পষ্ট (ইতস্তত ভাব   [in: V-0195 passive (tone sense) — unclear, hesitant, or avoiding directness, often out of a wish to seem polite. Not the same as ""polite"" — passive tone can actuall…]",Native Bengali speaker,PENDING,,,NO
CE-L01-M07-L01-HI-d1c7d695,CE-L01-M07-L01,Level 1 · Lesson 7.1,143,Hindi,Gloss,"अनिश्चित / झिझकभरा   [in: V-0195 passive (tone sense) — unclear, hesitant, or avoiding directness, often out of a wish to seem polite. Not the same as ""polite"" — passive tone can actuall…]",Native Hindi speaker,PENDING,,,NO
CE-L01-M07-L01-BN-d2f1ed92,CE-L01-M07-L01,Level 1 · Lesson 7.1,143,Bengali,Example sentence,"স্পষ্ট ও আত্মবিশ্বাসী (আক্রমণাত্মক না হয়ে   [in: V-0196 confident (tone sense) — clear and self-assured, without being aggressive. স্পষ্ট ও আত্মবিশ্বাসী (আক্রমণাত্মক না হয়ে ) · आत्मविश्वासी / स्पष्ट (आक्रामक …]",Native Bengali speaker,PENDING,,,NO
CE-L01-M07-L01-HI-55d268b5,CE-L01-M07-L01,Level 1 · Lesson 7.1,143,Hindi,Example sentence,"आत्मविश्वासी / स्पष्ट (आक्रामक हुए बिना   [in: V-0196 confident (tone sense) — clear and self-assured, without being aggressive. স্পষ্ট ও আত্মবিশ্বাসী (আক্রমণাত্মক না হয়ে ) · आत्मविश्वासी / स्पष्ट (आक्रामक …]",Native Hindi speaker,PENDING,,,NO
CE-L01-M07-L01-BN-e62fbf33,CE-L01-M07-L01,Level 1 · Lesson 7.1,143,Bengali,Gloss,"শ্রদ্ধাশীল / সম্মানজনক   [in: V-0003 respectful (recycled from Lesson 1.1, now as a tone label) — showing consideration for the other person's time, position, or feelings. শ্রদ্ধাশীল / সম্মা…]",Native Bengali speaker,PENDING,,,NO
CE-L01-M07-L01-HI-ef123f50,CE-L01-M07-L01,Level 1 · Lesson 7.1,143,Hindi,Gloss,"सम्मानजनक   [in: V-0003 respectful (recycled from Lesson 1.1, now as a tone label) — showing consideration for the other person's time, position, or feelings. শ্রদ্ধাশীল / সম্মা…]",Native Hindi speaker,PENDING,,,NO
CE-L01-M07-L01-BN-b0b3a6b7,CE-L01-M07-L01,Level 1 · Lesson 7.1,143,Bengali,Translation,"এই পাঁচটি প্রশ্ন (উদ্দেশ্য শ্রোতা বার্তা স্বর পরবর্তী পদক্ষেপ) মনে মনে জিজ্ঞাসা করাটা প্রথমে কৃত্রিম মনে হতে পারে, কিন্তু কয়েক সপ্তাহ অভ্যাসের পর এটি স্বতঃস্ফূর্ত হয়ে যায় — একজন অভিজ্ঞ পেশাদারও কথা বলার আগে এই ফিল্টারটি নিজের অজান্তেই ব্যবহার করেন",Native Bengali speaker,PENDING,,,NO
CE-L01-M07-L01-HI-58e27b82,CE-L01-M07-L01,Level 1 · Lesson 7.1,143,Hindi,Translation,"ये पाँच सवाल (उद्देश्य श्रोता संदेश लहजा अगला कदम) शुरुआत में सायास लग सकते हैं, लेकिन कुछ हफ्तों के अभ्यास के बाद यह अपने आप दिमाग में आने लगता है — एक अनुभवी पेशेवर भी बोलने से पहले इसी फ़िल्टर का इस्तेमाल करता है, भले ही वह इसे नाम न दे।",Native Hindi speaker,PENDING,,,NO
CE-L01-M07-L02-BN-d9eac5f8,CE-L01-M07-L02,Level 1 · Lesson 7.2,148,Bengali,Example sentence,"আরেকটু আনুষ্ঠানিক ও ভদ্র অনুরোধ করার ধরন (এর পরে / বসে   [in: V-0198 would you mind — a polite, slightly more formal way to ask someone to do something; always followed by a verb-ing form. আরেকটু আনুষ্ঠানিক ও ভদ্র অনুরোধ ক…]",Native Bengali speaker,PENDING,,,NO
CE-L01-M07-L02-HI-52d630ce,CE-L01-M07-L02,Level 1 · Lesson 7.2,148,Hindi,Example sentence,"अधिक विनम्र और थोड़ा औपचारिक अनुरोध का तरीका (इसके बाद / आता है   [in: V-0198 would you mind — a polite, slightly more formal way to ask someone to do something; always followed by a verb-ing form. আরেকটু আনুষ্ঠানিক ও ভদ্র অনুরোধ ক…]",Native Hindi speaker,PENDING,,,NO
CE-L01-M07-L02-BN-e76c0afc,CE-L01-M07-L02,Level 1 · Lesson 7.2,148,Bengali,Example sentence,যখন সময় পাবেন / সুযোগ হলে (তাড়াহুড়ো নেই এমন অনুরোধে ব্যবহৃত হয়   [in: V-0199 when you get a chance — a phrase that removes urgency from a request without making it unclear what you need. যখন সময় পাবেন / সুযোগ হলে (তাড়াহুড়ো নেই …],Native Bengali speaker,PENDING,,,NO
CE-L01-M07-L02-HI-a6638543,CE-L01-M07-L02,Level 1 · Lesson 7.2,148,Hindi,Example sentence,जब मौका मिले (बिना जल्दबाज़ी वाले अनुरोध में   [in: V-0199 when you get a chance — a phrase that removes urgency from a request without making it unclear what you need. যখন সময় পাবেন / সুযোগ হলে (তাড়াহুড়ো নেই …],Native Hindi speaker,PENDING,,,NO
CE-L01-M07-L03-BN-586f0152,CE-L01-M07-L03,Level 1 · Lesson 7.3,154,Bengali,Example sentence,"আমি এখন পারব না (একই সাথে কী করতে পারবেন তা জানানো হয়   [in: V-0200 I'm not able to — a clear, professional way to say ""no"" without bluntness or over-apologizing; always followed by naming what you can do instead. আমি এখন…]",Native Bengali speaker,PENDING,,,NO
CE-L01-M07-L03-HI-f008c4c4,CE-L01-M07-L03,Level 1 · Lesson 7.3,154,Hindi,Example sentence,"मैं अभी नहीं कर पाऊँगा / पाऊँगी (साथ में यह भी बताया जाता है कि आप क्या कर सकते हैं   [in: V-0200 I'm not able to — a clear, professional way to say ""no"" without bluntness or over-apologizing; always followed by naming what you can do instead. আমি এখন…]",Native Hindi speaker,PENDING,,,NO
CE-L02-M01-L01-EN-f5346813,CE-L02-M01-L01,Level 2 · Lesson 1.1,179,English (statement about Bengali/Hindi),Workplace/cultural statement,"Present perfect (""I've finished"") signals a completed action with present relevance — exactly what ""done"" needs. Present continuous (""I'm working on"") signals something happening right now — exactly what ""doing"" needs. Bengali and Hindi speakers often use a simple past form where English prefers the present perfect, so they say ""I finished the checklist"" when ""I've finished the checklist"" fits a status update better: the finished task still matters to what happens next, which is exactly what the present perfect signals. (""I just finished…"" is also common, especially in American English.)",Native Bengali and Hindi speakers (check the claim),PENDING,,,NO
CE-L02-M02-L04-EN-c1c4ffb1,CE-L02-M02-L04,Level 2 · Lesson 2.4,209,English (statement about Bengali/Hindi),Workplace/cultural statement,"Bengali/Hindi note: Bengali and Hindi often relay a message by directly quoting the original speaker's words, sometimes without shifting tense or pronouns, and letting context and tone carry the meaning. In English, the pronoun shift (and, after a past reporting verb, often a tense shift) is what tells the listener this is now your description of the exchange, not a direct quote. Learning to make that shift deliberately, rather than skipping it, is what makes a relayed message sound natural in English.",Native Bengali and Hindi speakers (check the claim),PENDING,,,NO
CE-L02-M04-L01-EN-0a75c1ca,CE-L02-M04-L01,Level 2 · Lesson 4.1,239,English (statement about Bengali/Hindi),Workplace/cultural statement,"Bengali/Hindi note: In Bengali and Hindi workplace messaging, the shift between a formal written register and a casual spoken one is often marked mainly by vocabulary choice and honorifics, with sentence structure staying fairly similar across both. English chat register shifts more structurally — whole words and connecting phrases get dropped, not just swapped for casual synonyms. Recognizing this as a structural shift, not just a ""casual word choice"" shift, helps explain why a direct translation from a formal Bengali/Hindi message often reads as overly formal in English chat.",Native Bengali and Hindi speakers (check the claim),PENDING,,,NO
CE-L02-M05-L01-EN-65f8354e,CE-L02-M05-L01,Level 2 · Lesson 5.1,260,English (statement about Bengali/Hindi),Workplace/cultural statement,"Bengali/Hindi note: In some Bengali and Hindi workplace contexts, repeating ""sorry"" too many times can actually read as insincere or overly dramatic, and a brief, sincere acknowledgment is preferred over an extended apology. In English professional contexts, the opposite risk is more common — a single quick ""sorry"" can read as dismissive precisely because it's so brief. The fix in English isn't saying ""sorry"" more times — it's adding the ownership and prevention steps that make one sincere ""sorry"" feel complete.",Native Bengali and Hindi speakers (check the claim),PENDING,,,NO
CE-L02-M08-L03-EN-e3e0d051,CE-L02-M08-L03,Level 2 · Lesson 8.3,325,English (statement about Bengali/Hindi),Workplace/cultural statement,"In Bengali and Hindi, honorifics and respectful forms of address (such as ""Sir/Madam,"" ""Apu,"" ""Bhaiya,"" or a title before a name) are woven into the grammar and everyday speech far more consistently than in English, where respect is shown mainly through title-plus-surname and tone rather than through the language's own structure. English learners sometimes under-signal respect in English for exactly this reason — not because they intend to be casual, but because English simply doesn't offer as many automatic honorific markers, so the respect has to be built deliberately into word choice and phrasing instead.",Native Bengali and Hindi speakers (check the claim),PENDING,,,NO
CE-L02-M08-L03-EN-352167b4,CE-L02-M08-L03,Level 2 · Lesson 8.3,325,English (statement about Bengali/Hindi),Workplace/cultural statement,Why might defaulting to first names with a senior colleague feel more natural in English than it would in Bengali or Hindi — and why can that still come across as too casual?,Native Bengali and Hindi speakers (check the claim),PENDING,,,NO
CE-L03-M01-L01-EN-d15cf0a4,CE-L03-M01-L01,Level 3 · Lesson 1.1,353,English (statement about Bengali/Hindi),Workplace/cultural statement,"Bengali/Hindi note: Traditional Bengali and Hindi formal letters often open with an elaborate, respectful greeting line before the actual subject is mentioned at all. In English business email, that same instinct can backfire — a long, formal opening before the point is made often reads as less professional, not more, because it delays information the reader needs immediately. English professional email greetings are deliberately short (""Hi,"" ""Dear,"" plus a name) precisely so the email can get to its purpose in the very next line. Respect is shown through clarity and a courteous closing, not through an elaborate opening.",Native Bengali and Hindi speakers (check the claim),PENDING,,,NO
CE-L03-M02-L01-EN-b188c576,CE-L03-M02-L01,Level 3 · Lesson 2.1,385,English (statement about Bengali/Hindi),Workplace/cultural statement,"Bengali/Hindi note: In everyday Bengali and Hindi reporting — telling a colleague or a family member what happened — it is completely natural, even expected, to blend what happened with what you think about it in the very same sentence: ""The kitchen was so disorganized, the guest was obviously furious."" English professional reporting convention asks you to separate these two things deliberately, not because feeling and judgment don't matter, but because a report is meant to be checkable by someone who wasn't there. Save your judgment for the Analysis and Recommendation sections, where it's not only allowed but expected.",Native Bengali and Hindi speakers (check the claim),PENDING,,,NO
CE-L03-M02-L04-BN-800e06a8,CE-L03-M02-L04,Level 3 · Lesson 2.4,401,Bengali,Gloss,"৳ / ৳   [in: Retail: ""Weekly sales rose from ৳ 42,000 on Monday to ৳ 78,000 on Saturday — an increase of 86% — compared to a flatter pattern the same week last month, sugges…]",Native Bengali speaker,PENDING,,,NO
CE-L03-M05-L01-EN-53ed7751,CE-L03-M05-L01,Level 3 · Lesson 5.1,466,English (statement about Bengali/Hindi),Workplace/cultural statement,"Bengali/Hindi note: In many Bengali and Hindi conversational norms, responding quickly while someone is speaking — a quick ""hmm,"" a nod, an early word of agreement — signals attentiveness and respect. In English professional listening, the same instinct can come across as interrupting. The fix isn't to seem less engaged — it's to hold your response until the customer has genuinely finished, and then show you were listening the whole time through what you reflect back, not through how quickly you responded.",Native Bengali and Hindi speakers (check the claim),PENDING,,,NO
CE-L03-M06-L01-EN-d56bfc2a,CE-L03-M06-L01,Level 3 · Lesson 6.1,492,English (statement about Bengali/Hindi),Workplace/cultural statement,"Bengali/Hindi note: in Bengali and Hindi professional custom, a warm, even elaborate welcome for a visiting guest is often expected and can run quite long before business begins — hospitality itself is the message. In English client-facing contexts internationally, the warmth is still expected, but it is usually compressed into one or two genuine lines before moving to purpose; a client who is kept in extended welcome-talk may start to read it as stalling rather than as respect.",Native Bengali and Hindi speakers (check the claim),PENDING,,,NO
CE-L03-M06-L02-EN-245beae8,CE-L03-M06-L02,Level 3 · Lesson 6.2,498,English (statement about Bengali/Hindi),Workplace/cultural statement,"Bengali/Hindi note: in many Bengali and Hindi professional contexts, a guest or client is sometimes shown respect by not being questioned too directly — the host is expected to anticipate needs rather than ask about them. In English client-facing contexts, the opposite is often true: asking thoughtful, specific questions is read as attentiveness and professionalism, not as a lack of preparation.",Native Bengali and Hindi speakers (check the claim),PENDING,,,NO
CE-L03-M06-L03-EN-d43aea74,CE-L03-M06-L03,Level 3 · Lesson 6.3,502,English (statement about Bengali/Hindi),Workplace/cultural statement,"Bengali/Hindi note: in Bengali and Hindi business custom, presenting many options generously — even beyond what was asked — can be a way of showing hospitality and effort. In English client-facing contexts, presenting fewer options, each explicitly tied to a stated need, usually reads as more attentive and more professional than presenting many options at once, which can come across as not having listened closely enough to narrow things down.",Native Bengali and Hindi speakers (check the claim),PENDING,,,NO
CE-L03-M06-L04-EN-fadb0d2b,CE-L03-M06-L04,Level 3 · Lesson 6.4,508,English (statement about Bengali/Hindi),Workplace/cultural statement,"Bengali/Hindi note: in Bengali and Hindi business custom, price is very often negotiated openly and immediately, and a quick concession can be read as generosity and goodwill. In many international client-facing contexts, an immediate, unqualified discount can instead read as a sign the original price wasn't honest in the first place. A calm, honest explanation plus one specific, deliverable reassurance usually builds more trust than an instant price cut.",Native Bengali and Hindi speakers (check the claim),PENDING,,,NO
CE-L03-M07-L01-BN-1ef52178,CE-L03-M07-L01,Level 3 · Lesson 7.1,519,Bengali,Example sentence,"করেছি / আমি গতকাল পাঠিয়েছি   [in: Bengali/Hindi note: Bengali and Hindi both have perfect forms ( করেছি , किया है ), but they combine freely with a finished time: "" আমি গতকাল পাঠিয়েছি "" and "" म…]",Native Bengali speaker,PENDING,,,NO
CE-L03-M07-L01-HI-4ed57431,CE-L03-M07-L01,Level 3 · Lesson 7.1,519,Hindi,Example sentence,"किया है / मैंने कल भेज दिया है   [in: Bengali/Hindi note: Bengali and Hindi both have perfect forms ( করেছি , किया है ), but they combine freely with a finished time: "" আমি গতকাল পাঠিয়েছি "" and "" म…]",Native Hindi speaker,PENDING,,,NO
CE-L03-M07-L04-EN-67556f50,CE-L03-M07-L04,Level 3 · Lesson 7.4,534,English (statement about Bengali/Hindi),Workplace/cultural statement,"Bengali/Hindi note: Bengali and Hindi grammar don't use articles the way English does, so this is often the single most persistent accuracy gap for Bengali- and Hindi-speaking writers — not a small detail, but a genuinely different grammatical habit to build. It's worth naming plainly rather than glossing over: expect this to take real, repeated practice, and expect to still miss a few articles even at an advanced level. That's normal, and it rarely affects whether the reader understands you.",Native Bengali and Hindi speakers (check the claim),PENDING,,,NO
CE-L03-M08-L01-EN-bba097be,CE-L03-M08-L01,Level 3 · Lesson 8.1,552,English (statement about Bengali/Hindi),Workplace/cultural statement,"Bengali/Hindi note: Bengali and Hindi both distribute emphasis across a word's syllables more evenly than English does — English is unusually dependent on one strong, clearly marked stressed syllable per word. This is a genuine, persistent difference, not a small one, and it's one of the main reasons multi-syllable English words can feel unpredictable at first. The fix isn't to imitate a particular accent — it's to learn the stress pattern of each new professional word the same way you'd learn its spelling: as a fixed fact about that specific word.",Native Bengali and Hindi speakers (check the claim),PENDING,,,NO
CE-L03-M08-L03-EN-e20e006c,CE-L03-M08-L03,Level 3 · Lesson 8.3,560,English (statement about Bengali/Hindi),Workplace/cultural statement,Practice a small set of sounds commonly confused by Bengali/Hindi speakers.,Native Bengali and Hindi speakers (check the claim),PENDING,,,NO
CE-L03-M08-L03-BN-70e90cb3,CE-L03-M08-L03,Level 3 · Lesson 8.3,563,Bengali,Gloss,"স / শ / ষ   [in: Bengali/Hindi note: Bengali has no separate /v/ and /w/ sounds, and Hindi व is used for both, so ""very"" and ""wary"", ""vest"" and ""west"" can sound the same. With /…]",Native Bengali speaker,PENDING,,,NO
CE-L03-M08-L03-HI-b5dbda5f,CE-L03-M08-L03,Level 3 · Lesson 8.3,563,Hindi,Gloss,"व   [in: Bengali/Hindi note: Bengali has no separate /v/ and /w/ sounds, and Hindi व is used for both, so ""very"" and ""wary"", ""vest"" and ""west"" can sound the same. With /…]",Native Hindi speaker,PENDING,,,NO
CE-L03-M08-L03-EN-b9d72a21,CE-L03-M08-L03,Level 3 · Lesson 8.3,560,English (statement about Bengali/Hindi),Workplace/cultural statement,"Alongside connected speech, this lesson also targets a small, specific set of individual sounds that are frequently confused by Bengali and Hindi speakers — not a full inventory of every English sound, just the handful that make the most practical difference at work: /v/ vs. /w/ and /s/ vs. /sh/ (/ʃ/) .",Native Bengali and Hindi speakers (check the claim),PENDING,,,NO
CE-L04-M02-L01-EN-fcddac64,CE-L04-M02-L01,Level 4 · Lesson 2.1,649,English (statement about Bengali/Hindi),Workplace/cultural statement,"Bengali/Hindi note: in Bengali and Hindi hospitality and workplace custom, refusing a loyal or senior person directly can feel unusually blunt, and there is often real social pressure to find some way to say yes, even partially. In many international professional contexts, a firm, respectfully repeated ""no"" is read as more trustworthy than a ""no"" that visibly bends under a second request — because it shows the same rule applies to everyone. Holding the line calmly is not disrespect; it is what makes the respect shown to the next guest, colleague, or client mean something.",Native Bengali and Hindi speakers (check the claim),PENDING,,,NO
CE-L04-M02-L02-EN-f9bce066,CE-L04-M02-L02,Level 4 · Lesson 2.2,655,English (statement about Bengali/Hindi),Workplace/cultural statement,"Bengali/Hindi note: in Bengali and Hindi workplace custom, direct criticism — especially between peers of similar standing — can feel unusually blunt, and it is common to soften a critical point heavily or avoid it altogether to protect the relationship. In many professional contexts internationally, staying silent about a real, repeated problem is read as a bigger risk to the relationship than raising it clearly and specifically, because the problem itself keeps costing the other person unnoticed. Naming the behavior specifically — never the character — is what keeps the criticism safe to hear.",Native Bengali and Hindi speakers (check the claim),PENDING,,,NO
CE-L04-M02-L03-EN-21f218d7,CE-L04-M02-L03,Level 4 · Lesson 2.3,660,English (statement about Bengali/Hindi),Workplace/cultural statement,"Bengali/Hindi note: correcting someone's work directly, including a senior correcting a junior, can carry more weight and formality in Bengali and Hindi professional custom than the words alone suggest — and the instinct to explain oneself immediately, to preserve standing, can be strong. In many professional contexts internationally, a quick, genuine ""that's fair"" before any explanation is read as more confident, not less — it signals the person is secure enough to hear a correction without needing to win the exchange first.",Native Bengali and Hindi speakers (check the claim),PENDING,,,NO
CE-L04-M02-L05-EN-4e318716,CE-L04-M02-L05,Level 4 · Lesson 2.5,671,English (statement about Bengali/Hindi),Workplace/cultural statement,"Bengali/Hindi note: raising a pattern of dismissiveness with a peer directly can feel confrontational in Bengali and Hindi workplace custom, where such friction is often absorbed quietly or raised indirectly through a third party instead. In many professional contexts internationally, addressing it directly but calmly — without an audience, without heat, framed as solving a shared problem — is seen as the healthier and more respectful choice, both for the relationship and for the work that keeps getting affected by it.",Native Bengali and Hindi speakers (check the claim),PENDING,,,NO
CE-L04-M03-L02-EN-0e309aab,CE-L04-M03-L02,Level 4 · Lesson 3.2,689,English (statement about Bengali/Hindi),Workplace/cultural statement,"Bengali/Hindi note: this is one of the more important distinctions in this module, so it's worth stating plainly. Presenting the same true fact from a favorable, purposeful angle is a normal and honest part of professional persuasion in both Bengali/Hindi and English-language workplaces. It becomes spin the moment a fact that would change the listener's decision is hidden or softened past recognition — and once a listener catches that once, they tend to re-check everything else you tell them afterward. The line isn't about which language you're arguing in; it's whether the argument would still hold up if the listener knew everything you chose not to say.",Native Bengali and Hindi speakers (check the claim),PENDING,,,NO
CE-L04-M05-L01-EN-d1323c23,CE-L04-M05-L01,Level 4 · Lesson 5.1,731,English (statement about Bengali/Hindi),Workplace/cultural statement,"Bengali/Hindi note: in Bengali and Hindi professional custom, presenting to a senior figure often involves a longer, deferential lead-in before reaching the main point, as a mark of respect for hierarchy. In executive English communication internationally, the opposite convention usually applies: leading with the conclusion is read as a sign of respect for the senior person's time, not as bluntness. A learner moving between these two conventions should read ""bottom line first"" as a different, equally respectful way of honoring a senior listener's attention, not as skipping a courtesy.",Native Bengali and Hindi speakers (check the claim),PENDING,,,NO
CE-L04-M07-L01-EN-ad19bde6,CE-L04-M07-L01,Level 4 · Lesson 7.1,787,English (statement about Bengali/Hindi),Workplace/cultural statement,"Bengali/Hindi note: Bengali and Hindi professional communication, especially when speaking with someone senior, often leans toward the high-context, hierarchy-aware end of these same dimensions — a flat ""no"" to a senior person is frequently softened into an indirect phrase, and a pause before answering can itself be doing communicative work, exactly like the guest's pause at checkout in this lesson. This isn't vagueness; it's a coherent, high-context style, sitting at a real point on the very dimensions taught here. A Bengali- or Hindi-influenced speaker moving into a more low-context, direct workplace often needs to consciously add explicitness that their own instinct reads as slightly blunt — and the reverse is just as true for someone moving the other way, into a Bengali- or Hindi-majority workplace, from a more direct starting style.",Native Bengali and Hindi speakers (check the claim),PENDING,,,NO
CE-L04-M08-L03-EN-3d44db7a,CE-L04-M08-L03,Level 4 · Lesson 8.3,825,English (statement about Bengali/Hindi),Workplace/cultural statement,"Bengali/Hindi note: in Bengali and Hindi business custom, raising a vendor's failures too directly can feel like a personal accusation against the account manager, even when the fault lies with their company's systems — there can be pressure to soften the message until it barely names the problem. In many international vendor-management contexts, naming the specific pattern with evidence and a date is read as businesslike and fair, not personal, precisely because it treats the vendor as capable of fixing it rather than simply at fault.",Native Bengali and Hindi speakers (check the claim),PENDING,,,NO
CE-L05-M03-L01-BN-58cb9d4a,CE-L05-M03-L01,Level 5 · Lesson 3.1,905,Bengali,Example sentence,"অনেক বাংলাভাষী কর্মক্ষেত্রে সরাসরি উত্তর দেওয়াকে বেশি সম্মানজনক ও সহায়ক মনে করা হয় — তাই কোচিং শেখা একটি সত্যিকারের সাংস্কৃতিক মানিয়ে নেওয়া, শুধু একটি কৌশল নয়।   [in: In many Bengali- and Hindi-speaking workplaces, a senior person who answers a question directly is seen as more respectful and helpful than one who asks a quest…]",Native Bengali speaker,PENDING,,,NO
CE-L05-M03-L01-HI-e58409f9,CE-L05-M03-L01,Level 5 · Lesson 3.1,905,Hindi,Example sentence,"कई हिंदीभाषी कार्यस्थलों में सीधा जवाब देना ज़्यादा सम्मानजनक और मददगार माना जाता है — इसलिए कोचिंग सीखना एक वास्तविक सांस्कृतिक समायोजन है, न कि केवल एक तकनीक।   [in: In many Bengali- and Hindi-speaking workplaces, a senior person who answers a question directly is seen as more respectful and helpful than one who asks a quest…]",Native Hindi speaker,PENDING,,,NO
CE-L05-M06-L01-EN-792c728c,CE-L05-M06-L01,Level 5 · Lesson 6.1,975,English (statement about Bengali/Hindi),Workplace/cultural statement,"In Bengali and Hindi workplace custom, a person recently promoted often continues speaking deferentially toward their own team for some time, out of humility and respect for colleagues who may be older or more experienced. This instinct is a good one and should not disappear — but it should not be confused with hedging a decision that is now genuinely the speaker's to make. ""As I see it"" and ""my call on this is"" can be said warmly and respectfully; they simply state the judgment plainly instead of disguising it as a question. Respect for the team and clarity about who now owns the decision are not in conflict.",Native Bengali and Hindi speakers (check the claim),PENDING,,,NO
CE-L05-M07-L01-EN-1f4e6cef,CE-L05-M07-L01,Level 5 · Lesson 7.1,999,English (statement about Bengali/Hindi),Workplace/cultural statement,"Many Bengali- and Hindi-speaking learners are taught, quite reasonably, that modesty is a mark of good character — that a person shouldn't be the one to list their own accomplishments. An English-language CV works on a different, opposite assumption: nobody else is going to describe your achievements for you, so if you don't state them clearly and specifically, the reader simply never learns about them. This isn't the same as boasting. A CV that says ""achieved a 95% satisfaction score"" is stating a fact, the same way a report states a fact — it is expected, professional, and necessary in this context, not immodest. The discomfort of writing this way is normal at first; the skill is learning to state real achievements plainly, without either hiding them or exaggerating them.",Native Bengali and Hindi speakers (check the claim),PENDING,,,NO
CE-L05-M07-L04-EN-611386bd,CE-L05-M07-L04,Level 5 · Lesson 7.4,1016,English (statement about Bengali/Hindi),Workplace/cultural statement,"For some Bengali- and Hindi-speaking learners, raised in workplace cultures where recognition is expected to come from a supervisor noticing your work rather than from asking for it directly, proactively requesting feedback or raising a promotion can feel forward, even slightly uncomfortable — as though you're claiming credit that should be given, not asked for. In many English-speaking professional cultures, the opposite is closer to true: initiating these conversations is a normal, expected professional move, not an overstep. A supervisor is often genuinely glad an employee raised it, because it removes the guesswork of when to bring it up themselves. Learning to ask, calmly and with evidence, is a skill — not a breach of respect.",Native Bengali and Hindi speakers (check the claim),PENDING,,,NO
